citationid,Name,Year,Title,Abstract,FullTextLink
Strand_291_2020,"Strand, Anton (Ericsson AB, SWE);Gunnarson, Markus (Ericsson AB, SWE);Britto, Ricardo [rbr] [0000-0002-7220-9570] (Blekinge Tekniska Högskola [16500], Fakulteten för datavetenskaper [16801], Institutionen för programvaruteknik [16805]) (Ericsson AB, SWE);Usman, Muhammad [muu] (Blekinge Tekniska Högskola [16500], Fakulteten för datavetenskaper [16801], Institutionen för programvaruteknik [16805])",2020,Using a context-aware approach to recommend code reviewers : findings from an industrial case study,"<p>Code review is a commonly used practice in software development. It refers to the process of reviewing new code changes before they are merged with the code base. However, to perform the review, developers are mostly assigned manually to code changes. This may lead to problems such as: a time-consuming selection process, limited pool of known candidates and risk of over-allocation of a few reviewers. To address the above problems, we developed Carrot, a machine learning-based tool to recommend code reviewers. We conducted an improvement case study at Ericsson. We evaluated Carrot using a mixed approach. we evaluated the prediction accuracy using historical data and the metrical Mean Reciprocal Rank (MRR). Furthermore, we deployed the tool in one Ericsson project and evaluated how adequate the recommendations were from the point of view of the tool users and the recommended reviewers.We also asked the opinion of senior developers about the usefulness of the tool. The results show that Carrot can help identify relevant non-obvious reviewers and be of great assistance to new developers. However, there were mixed opinions on Carrot's ability to assist with workload balancing and the decrease code review lead time. © 2020 IEEE Computer Society. All rights reserved.</p>",https://bth.diva-portal.org/smash/get/diva2:1478802/FULLTEXT01.pdf
Saini_263_2021,"Saini, Nishrith (Ericsson, SWE);Britto, Ricardo [rbr] [0000-0002-7220-9570] (Blekinge Tekniska Högskola [16500], Fakulteten för datavetenskaper [16801], Institutionen för programvaruteknik [16805]) (Ericsson /Blekinge Institute of Technology)",2021,Using Machine Intelligence to Prioritise Code Review Requests,"<p>Modern Code Review (MCR) is the process of reviewing new code changes that need to be merged with an existing codebase. As a developer, one may receive many code review requests every day, i.e., the review requests need to be prioritised. Manually prioritising review requests is a challenging and time-consuming process. To address the above problem, we conductedan industrial case study at Ericsson aiming at developing a toolcalled Pineapple, which uses a Bayesian Network to prioritise code review requests. To validate our approach/tool, we deployed it in a live software development project at Ericsson, wherein more than 150 developers develop a telecommunication product.We focused on evaluating the predictive performance, feasibility, and usefulness of our approach. The results indicate that Pineapple has competent predictive performance (RMSE = 0.21 and MAE = 0.15). Furthermore, around 82.6% of Pineapple’s users believe the tool can support code review request prioritisation by providing reliable results, and around 56.5% of the users believe it helps reducing code review lead time. As future work, we plan to evaluate Pineapple’s predictive performance, usefulness, and feasibility through a longitudinal investigation. Index Terms—Modern Code Review, Prioritisation,</p>",https://bth.diva-portal.org/smash/get/diva2:1526947/FULLTEXT01.pdf
Alégroth_16_2021,"Alégroth, Emil [EAL] [0000-0001-7526-3727] (Blekinge Tekniska Högskola [16500], Fakulteten för datavetenskaper [16801], Institutionen för programvaruteknik [16805]);Petersén, Elin (Linköping University, SWE);Tinnerholm, John (Linköping University, SWE)",2021,A Failed attempt at creating Guidelines for Visual GUI Testing : An industrial case study,"<p>Software development is governed by guidelines that aim to improve the code's qualities, such as maintainability. However, whilst coding guidelines are commonplace for software, guidelines for testware are much less common. In particular, for GUI-based tests driven with image recognition, also referred to as Visual GUI Testing (VGT), explicit coding guidelines are missing.In this industrial case study, performed at the Swedish defence contractor Saab AB, we propose a set of coding guidelines for VGT and evaluate their impact on test scripts for an industrial, safety-critical system. To study the guidelines' effect on maintenance costs, five representative manual test cases are each translated with and without the proposed guidelines in the two VGT tools SikuliX and EyeAutomate. As such, 20 test scripts were developed, with a combined development cost of more than 100 man-hours. Three of the tests are then maintained by one researcher and two practitioners for another version of the system and costs measured to evaluate return on investment. This analysis is complemented with observations and interviews to elicit practitioners' perceptions and experiences with VGT.Results show that scripts developed with the guidelines had higher maintenance costs than scripts developed without guidelines. This is supported by qualitative results that many of the guidelines are considered inappropriate, superfluous or unnecessary due to the inherent properties of the scripts, e.g. their natural small size, linear flows, natural separation of concerns, and more. We conclude that there are differences between VGT scripts and software that prohibit direct translation of guidelines between the two. As such, we consider our study as a failure but argue that several lessons can be drawn from our results to guide future research into guidelines for VGT and GUI-based test automation. © 2021 IEEE.</p>",https://bth.diva-portal.org/smash/get/diva2:1573451/FULLTEXT01.pdf
Dorner_64_2022,"Dorner, Michael [mrr] [0000-0001-8879-6450] (Blekinge Tekniska Högskola [16500], Fakulteten för datavetenskaper [16801], Institutionen för programvaruteknik [16805]);Šmite, Darja [xds] [0000-0003-1744-3118] (Blekinge Tekniska Högskola [16500], Fakulteten för datavetenskaper [16801], Institutionen för programvaruteknik [16805]);Mendez, Daniel [dmz] [0000-0003-0619-6027] (Blekinge Tekniska Högskola [16500], Fakulteten för datavetenskaper [16801], Institutionen för programvaruteknik [16805]);Wnuk, Krzysztof [krw] [0000-0003-3567-9300] (Blekinge Tekniska Högskola [16500], Fakulteten för datavetenskaper [16801], Institutionen för programvaruteknik [16805]);Czerwonka, Jacek [0000-0002-4924-5047] (Microsoft Research, USA)",2022,Only Time Will Tell : Modelling Information Diffusion in Code Review with Time-Varying Hypergraphs,"<p><strong>Background:</strong> Modern code review is expected to facilitate knowledge sharing: All relevant information, the collective expertise, and meta-information around the code change and its context become evident, transparent, and explicit in the corresponding code review discussion. The discussion participants can leverage this information in the following code reviews; the information diffuses through the communication network that emerges from code review. Traditional time-aggregated graphs fall short in rendering information diffusion as those models ignore the temporal order of the information exchange: Information can only be passed on if it is available in the first place.</p><p><strong>Aim: </strong>This manuscript presents a novel model based on time-varying hypergraphs for rendering information diffusion that overcomes the inherent limitations of traditional, time-aggregated graph-based models. </p><p><strong>Method:</strong> In an in-silico experiment, we simulate an information diffusion within the internal code review at Microsoft and show the empirical impact of time on a key characteristic of information diffusion: the number of reachable participants. </p><p><strong>Results: </strong>Time-aggregation significantly overestimates the paths of information diffusion available in communication networks and, thus, is neither precise nor accurate for modelling and measuring the spread of information within communication networks that emerge from code review. </p><p><strong>Conclusion:</strong> Our model overcomes the inherent limitations of traditional, static or time-aggregated, graph-based communication models and sheds the first light on information diffusion through code review. We believe that our model can serve as a foundation for understanding, measuring, managing, and improving knowledge sharing in code review in particular and information diffusion in software engineering in general.</p>",https://bth.diva-portal.org/smash/get/diva2:1685861/FULLTEXT02.pdf
Söderberg_298_2022,"Söderberg, Emma (Lund University, SWE);Church, Luke (Lund University, SWE);Börstler, Jürgen [jub] [0000-0003-0639-4234] (Blekinge Tekniska Högskola [16500], Fakulteten för datavetenskaper [16801], Institutionen för programvaruteknik [16805]);Niehorster, Diederick (Lund University, SWE);Rydenfält, Christofer (Lund University, SWE)",2022,"Understanding the Experience of Code Review : Misalignments, Attention, and Units of Analysis","<p>Code review is a common practice in software development and numerous studies have described different aspects of the process; its characteristics, the expectations on that process, issues around reviewer allocation, and more. However, one aspect that has not been studied to a large extent is the experience of the developers in the code review process. This is unfortunate given the significant amount of time that developers spend on this activity, where problems that degrade developers' experience on a daily basis can create work environment issues. In this paper, we present an extended analysis of an exploratory mixed-method study where we focus on developers' experience of code review. We use semi-structured interviews to gather data from two multi-national companies and conduct a follow-up survey. Our results suggest that developers are frequently bothered by misalignments in the code review tooling and process which is hindering them in carrying out their code review tasks effectively. We present an initial characterization of misalignments that may hamper the developer experience. Based on our findings, we propose directions for further exploration to improve the developer experience. © 2022 Owner/Author.</p>",https://bth.diva-portal.org/smash/get/diva2:1686814/FULLTEXT01.pdf
Coppola_53_2022,"Coppola, Riccardo (Politecnico di Torino, ITA);Alégroth, Emil [EAL] [0000-0001-7526-3727] (Blekinge Tekniska Högskola [16500], Fakulteten för datavetenskaper [16801], Institutionen för programvaruteknik [16805])",2022,A taxonomy of metrics for GUI-based testing research : A systematic literature review,"<p>Context: GUI-based testing is a sub-field of software testing research that has emerged in the last three decades. GUI-based testing techniques focus on verifying the functional conformance of the system under test (SUT) through its graphical user interface. However, despite the research domains growth, studies in the field have low reproducibility and comparability. One observed cause of these phenomena is identified as a lack of research rigor and commonly used metrics, including coverage metrics. Objective: We aim to identify the most commonly used metrics in the field and formulate a taxonomy of coverage metrics for GUI-based testing research. Method: We adopt an evidence-based approach to build the taxonomy through a systematic literature review of studies in the GUI-based testing domain. Identified papers are then analyzed with Open and Axial Coding techniques to identify hierarchical and mutually exclusive categories of metrics with common characteristics, usages, and applications. Results: Through the analysis of 169 papers and 315 metric definitions, we obtained a taxonomy with 55 codes (common names for metrics), 17 metric categories, and 4 higher level categories: Functional Level, GUI Level, Model Level and Code Level. We measure a higher number of mentions of Model and Code level metrics over Functional and GUI level metrics. Conclusions: We propose a taxonomy for use in future GUI-based testing research to improve the general quality of studies in the domain. In addition, the taxonomy is perceived to help enable more replication studies as well as macro-analysis of the current body of research. © 2022 Elsevier B.V.</p>",
Soderberg_287_2022,"Soderberg, Emma (Lund University, SWE);Church, Luke (Lund University, SWE);Börstler, Jürgen [jub] [0000-0003-0639-4234] (Blekinge Tekniska Högskola [16500], Fakulteten för datavetenskaper [16801], Institutionen för programvaruteknik [16805]);Niehorster, Diederick C. (Lund University, SWE);Rydenfalt, Christofer (Lund University, SWE)",2022,What's bothering developers in code review?,"<p>The practice of code review is widely adopted in industry and has been studied to an increasing degree in the research community. However, the developer experience of code review has received limited attention. Here, we report on initial results from a mixed-method exploratory study of the developer experience.</p>",https://bth.diva-portal.org/smash/get/diva2:1698312/FULLTEXT01.pdf
Ljung_187_2022,"Ljung, Kevin (Blekinge Tekniska Högskola [16500]) (student);Gonzalez-Huerta, Javier [jgh] [0000-0003-1350-7030] (Blekinge Tekniska Högskola [16500], Fakulteten för datavetenskaper [16801], Institutionen för programvaruteknik [16805])",2022,“To Clean Code or Not to Clean Code” A Survey Among Practitioners,"<p>Context: Writing code that is understandable by other collaborators has become crucial to enhancing collaboration and productivity. Clean Code has become one of the most relevant software craftsmanship practices and has been widely embraced as a synonym for code quality by software developers and software development organizations all over the world. However, very little is known regarding whether developers agree with Clean Code principles and how they apply them in practice.</p><p>Objectives: In this work, we investigated how developers perceive Clean Code principles, whether they believe that helps reading, understanding, reusing, and modifying Clean Code, and how they keep their code clean.</p><p>Methods: We conducted a Systematic Literature Review in which we screened 771 research papers to collect Clean Code principles and a survey among 39 practitioners, some of them with more than 20 years of development experience.</p><p>Results: So far, the results show a shared agreement with Clean Code principles and their potential benefits. They also show that developers tend to write “messy” code to be refactored later. © 2022, The Author(s), under exclusive license to Springer Nature Switzerland AG.</p>",
Iftikhar_141_2023,"Iftikhar, Umar [uif] [0000-0003-3177-6138] (Blekinge Tekniska Högskola [16500], Fakulteten för datavetenskaper [16801], Institutionen för programvaruteknik [16805]);Ali, Nauman bin [nal] [0000-0001-7266-5632] (Blekinge Tekniska Högskola [16500], Fakulteten för datavetenskaper [16801], Institutionen för programvaruteknik [16805]);Börstler, Jürgen [jub] [0000-0003-0639-4234] (Blekinge Tekniska Högskola [16500], Fakulteten för datavetenskaper [16801], Institutionen för programvaruteknik [16805]);Usman, Muhammad [muu] [0000-0002-8132-0107] (Blekinge Tekniska Högskola [16500], Fakulteten för datavetenskaper [16801], Institutionen för programvaruteknik [16805])",2023,A catalog of source code metrics – a tertiary study,"<p>Context: A large number of source code metrics are reported in the literature. It is necessary to systematically collect, describe and classify source code metrics to support research and practice.Objective: We aim to utilize existing secondary studies to develop a cat- alog of source code metrics together with their descriptions. The catalog will also provide information about which units of code (e.g., operators, operands, lines of code, variables, parameters, code blocks, or functions) are used to measure the internal quality attributes and the scope on which they are collected. </p><p>Method: We conducted a tertiary study to identify secondary studies re- porting source code metrics. We have classified the source code metrics according to the measured internal quality attributes, the units of code used in the measures, and the scope at which the source code metrics are collected. </p><p>Results: From 711 secondary studies, we identified 52 relevant secondary studies. We reported 423 source code metrics together with their de- scriptions and the internal quality attributes they measure. Source code metrics predominantly incorporate function as a unit of code to measure internal quality attributes. In contrast, several source code metrics use more than one unit of code when measuring internal quality attributes. Nearly 51% of the source code metrics are collected at the class scope, while almost 12% and 15% of source code metrics are collected at module and application levels, respectively. </p><p>Conclusions: Researchers and practitioners can use the extensive catalog to assess which source code metrics meet their individual needs based on the description and classification scheme presented. </p>",
Bauer_30_2023,"Bauer, Andreas [aur] [0000-0002-2916-4020] (Blekinge Tekniska Högskola [16500], Fakulteten för datavetenskaper [16801], Institutionen för programvaruteknik [16805]);Alégroth, Emil [EAL] [0000-0001-7526-3727] (Blekinge Tekniska Högskola [16500], Fakulteten för datavetenskaper [16801], Institutionen för programvaruteknik [16805])",2023,We Tried and Failed : An Experience Report on a Collaborative Workflow for GUI-based Testing,"<p>Modern software development is a team-based effort supported by tools, processes, and practices. One integral part is automated testing, where developers incorporate automated tests on multiple levels of system abstraction, from low-level unit tests to high-level system tests and Graphical User Interface (GUI) tests. Furthermore, the common practices of code reviews allow collaboration on artifacts based on discussions that improve the artifact's quality and to share information within the team. However, the characteristics of GUI-based tests, due to the level of abstraction and visual elements, introduce additional requirements and complexities compared to code or lower-level test code review, delimiting the practice benefits.The objective of this work is to propose a tool-supported workflow that enables active collaboration among stakeholders and improves the efficiency and effectiveness of team-based development of GUI-based tests.To evaluate the workflow, and show proof of concept, a technical demonstrator for merging of GUI-based tests was to be developed. However, during its development, we encountered several unforeseen challenges that forced us to halt its development. We report the negative results from this development and the main challenges we encountered, as well as the rationale and the decisions we took towards this workflow.In conclusion, this work presents a negative research result on a failed attempt to propose a tool-supported workflow that enables active collaboration on GUI-based tests. The outcome and learnings of this work are intended to guide future research and prevent researchers from falling into the same pitfalls we did. © 2023 IEEE.</p>",https://bth.diva-portal.org/smash/get/diva2:1785863/FULLTEXT01.pdf
Badampudi_26_2023,"Badampudi, Deepika [deb] [0000-0002-6215-1774] (Blekinge Tekniska Högskola [16500], Fakulteten för datavetenskaper [16801], Institutionen för programvaruteknik [16805]);Unterkalmsteiner, Michael [mun] [0000-0003-4118-0952] (Blekinge Tekniska Högskola [16500], Fakulteten för datavetenskaper [16801], Institutionen för programvaruteknik [16805]);Britto, Ricardo [rbr] [0000-0002-7220-9570] (Blekinge Tekniska Högskola [16500], Fakulteten för datavetenskaper [16801], Institutionen för programvaruteknik [16805])",2023,Modern Code Reviews - Survey of Literature and Practice,"<p>Background: Modern Code Review (MCR) is a lightweight alternative to traditional code inspections. While secondary studies on MCR exist, it is uanknown whether the research community has targeted themes that practitioners consider important.Objectives: The objectives are to provide an overview of MCR research, analyze the practitioners' opinions on the importance of MCR research, investigate the alignment between research and practice, and propose future MCR research avenues.Method: We conducted a systematic mapping study to survey state of the art until and including 2021, employed the Q-Methodology to analyze the practitioners' perception of the relevance of MCR research, and analyzed the primary studies' research impact.Results: We analyzed 244 primary studies, resulting in five themes. As a result of the 1,300 survey data points, we found that the respondents are positive about research investigating the impact of MCR on product quality and MCR process properties. In contrast, they are negative about human factor- and support systems-related research.Conclusion: These results indicate a misalignment between the state of the art and the themes deemed important by most survey respondents. Researchers should focus on solutions that can improve the state of MCR practice. We provide an MCR research agenda that can potentially increase the impact of MCR research. © 2023 Copyright held by the owner/author(s).</p>",https://bth.diva-portal.org/smash/get/diva2:1786041/FULLTEXT01.pdf
Bauer_31_2023,"Bauer, Andreas [aur] [0000-0002-2916-4020] (Blekinge Tekniska Högskola [16500], Fakulteten för datavetenskaper [16801], Institutionen för programvaruteknik [16805]);Coppola, Ricardo (Politecnico di Torino, Italy);Alégroth, Emil [EAL] [0000-0001-7526-3727] (Blekinge Tekniska Högskola [16500], Fakulteten för datavetenskaper [16801], Institutionen för programvaruteknik [16805]);Gorschek, Tony [tgo] [0000-0002-3646-235x] (Blekinge Tekniska Högskola [16500], Fakulteten för datavetenskaper [16801], Institutionen för programvaruteknik [16805])",2023,Code review guidelines for GUI-based testing artifacts,"<p>Context: Review of software artifacts, such as source or test code, is a common practice in industrial practice. However, although review guidelines are available for source and low-level test code, for GUI-based testing artifacts, such guidelines are missing. Objective: The goal of this work is to define a set of guidelines from literature about production and test code, that can be mapped to GUI-based testing artifacts. Method: A systematic literature review is conducted, using white and gray literature to identify guidelines for source and test code. These synthesized guidelines are then mapped, through examples, to create actionable, and applicable, guidelines for GUI-based testing artifacts. Results: The results of the study are 33 guidelines, summarized in nine guideline categories, that are successfully mapped as applicable to GUI-based testing artifacts. Of the collected literature, only 10 sources contained test-specific code review guidelines. These guideline categories are: perform automated checks, use checklists, provide context information, utilize metrics, ensure readability, visualize changes, reduce complexity, check conformity with the requirements and follow design principles and patterns. Conclusion: This pivotal set of guidelines provides an industrial contribution in filling the gap of general guidelines for review of GUI-based testing artifacts. Additionally, this work highlights, from an academic perspective, the need for future research in this area to also develop guidelines for other specific aspects of GUI-based testing practice, and to take into account other facets of the review process not covered by this work, such as reviewer selection. © 2023 The Author(s)</p>",https://bth.diva-portal.org/smash/get/diva2:1786185/FULLTEXT01.pdf
Börstler_45_2023,"Börstler, Jürgen [jub] [0000-0003-0639-4234] (Blekinge Tekniska Högskola [16500], Fakulteten för datavetenskaper [16801], Institutionen för programvaruteknik [16805]);Bennin, Kwabena E. ( Wageningen University and Research, Netherlands);Hooshangi, Sara (Virginia Tech, United States);Jeuring, Johan (Utrecht University, Netherlands);Keuning, Hieke (Utrecht University, Netherlands);Kleiner, Carsten (University of Applied Sciences & Arts Hannover, Germany);MacKellar, Bonnie (St John’s University, Queens, United States);Duran, Rodrigo (Aalto University, Finland);Störrle, Harald (QAware GmbH, Germany);Toll, Daniel (Linnæus University);van Assema, Jelle (University of Amsterdam, Netherlands)",2023,Developers talking about code quality,"<p>There are many aspects of code quality, some of which are difficult to capture or to measure. Despite the importance of software quality, there is a lack of commonly accepted measures or indicators for code quality that can be linked to quality attributes. We investigate software developers’ perceptions of source code quality and the practices they recommend to achieve these qualities. We analyze data from semi-structured interviews with 34 professional software developers, programming teachers and students from Europe and the U.S. For the interviews, participants were asked to bring code examples to exemplify what they consider good and bad code, respectively. Readability and structure were used most commonly as defining properties for quality code. Together with documentation, they were also suggested as the most common target properties for quality improvement. When discussing actual code, developers focused on structure, comprehensibility and readability as quality properties. When analyzing relationships between properties, the most commonly talked about target property was comprehensibility. Documentation, structure and readability were named most frequently as source properties to achieve good comprehensibility. Some of the most important source code properties contributing to code quality as perceived by developers lack clear definitions and are difficult to capture. More research is therefore necessary to measure the structure, comprehensibility and readability of code in ways that matter for developers and to relate these measures of code structure, comprehensibility and readability to common software quality attributes.</p>",https://bth.diva-portal.org/smash/get/diva2:1802594/FULLTEXT01.pdf
Iftikhar_142_2024,"Iftikhar, Umar [uif] [0000-0003-3177-6138] (Blekinge Tekniska Högskola [16500], Fakulteten för datavetenskaper [16801], Institutionen för programvaruteknik [16805]);Ali, Nauman bin [nal] [0000-0001-7266-5632] (Blekinge Tekniska Högskola [16500], Fakulteten för datavetenskaper [16801], Institutionen för programvaruteknik [16805]);Börstler, Jürgen [jub] [0000-0003-0639-4234] (Blekinge Tekniska Högskola [16500], Fakulteten för datavetenskaper [16801], Institutionen för programvaruteknik [16805]);Usman, Muhammad [muu] [0000-0002-8132-0107] (Blekinge Tekniska Högskola [16500], Fakulteten för datavetenskaper [16801], Institutionen för programvaruteknik [16805])",2024,A tertiary study on links between source code metrics and external quality attributes,"<p>Context: Several secondary studies have investigated the relationship between internal quality attributes, source code metrics and external quality attributes. Sometimes they have contradictory results. Objective: We synthesize evidence of the link between internal quality attributes, source code metrics and external quality attributes along with the efficacy of the prediction models used. Method: We conducted a tertiary review to identify, evaluate and synthesize secondary studies. We used several characteristics of secondary studies as indicators for the strength of evidence and considered them when synthesizing the results. Results: From 711 secondary studies, we identified 15 secondary studies that have investigated the link between source code and external quality. Our results show : (1) primarily, the focus has been on object-oriented systems, (2) maintainability and reliability are most often linked to internal quality attributes and source code metrics, with only one secondary study reporting evidence for security, (3) only a small set of complexity, coupling, and size-related source code metrics report a consistent positive link with maintainability and reliability, and (4) group method of data handling (GMDH) based prediction models have performed better than other prediction models for maintainability prediction. Conclusions: Based on our results, lines of code, coupling, complexity and the cohesion metrics from Chidamber &amp; Kemerer (CK) metrics are good indicators of maintainability with consistent evidence from high and moderate-quality secondary studies. Similarly, four CK metrics related to coupling, complexity and cohesion are good indicators of reliability, while inheritance and certain cohesion metrics show no consistent evidence of links to maintainability and reliability. Further empirical studies are needed to explore the link between internal quality attributes, source code metrics and other external quality attributes, including functionality, portability, and usability. The results will help researchers and practitioners understand the body of knowledge on the subject and identify future research directions. © 2023 The Author(s)</p>",https://bth.diva-portal.org/smash/get/diva2:1809779/FULLTEXT01.pdf
Iftikhar_143_2023,"Iftikhar, Umar [uif] [0000-0003-3177-6138] (Blekinge Tekniska Högskola [16500], Fakulteten för datavetenskaper [16801], Institutionen för programvaruteknik [16805]);Börstler, Jürgen [jub] [0000-0003-0639-4234] (Blekinge Tekniska Högskola [16500], Fakulteten för datavetenskaper [16801], Institutionen för programvaruteknik [16805]);Ali, Nauman bin [nal] [0000-0001-7266-5632] (Blekinge Tekniska Högskola [16500], Fakulteten för datavetenskaper [16801], Institutionen för programvaruteknik [16805])",2023,On potential improvements in the analysis of the evolution of themes in code review comments,"<p>Context: The modern code review process is considered an essential quality assurance step in software development. The code review comments generated can provide insights regarding source code quality and development practices. However, the large number of code review comments makes it challenging to identify interesting patterns manually. In a recent study, Wen et al. used traditional topic modeling to analyze the evolution of code review comments. Their approach could identify interesting patterns that may lead to improved development practices.Objective: In this study, we investigate potential improvements to Wen et al.'s state-of-the-art approach to analyze the evolution of code review comments.Method: We used 209,166 code review comments from three open-source systems to explore and empirically analyze alternative design and implementation choices and demonstrate their impact.Results: We identified the following potential improvements to the current state-of-the-art as described by Wen et al.: 1) utilize a topic modeling method that is optimized for short texts, 2) a refined approach for identifying a suitable number of topics, and 3) a more elaborate approach for analyzing topic evolution. Our results indicate that the proposed changes have quantitatively different results than the current approach. The qualitative interpretation of the topics generated with our changes indicates their usefulness.Conclusions: Our results indicate the potential usefulness of changes to state-of-the-art approaches to analyzing the evolution of code review comments, with practical implications for researchers and practitioners. However, further research is required to compare the effectiveness of both approaches. © 2023 IEEE.</p>",https://bth.diva-portal.org/smash/get/diva2:1811306/FULLTEXT01.pdf
Izu_149_2024,"Izu, Cruz (The University of Adelaide, Australia);Mirolo, Claudio (University of Udine, Italy);Börstler, Jürgen [jub] [0000-0003-0639-4234] (Blekinge Tekniska Högskola [16500], Fakulteten för datavetenskaper [16801], Institutionen för programvaruteknik [16805]);Connamacher, Harold (Case Western Reserve University, United States);Crosby, Ryan (Durham University, England,United Kingdom);Glassey, Richard (KTH Royal Institute of Technology);Haldeman, Georgiana (Colgate University, United States);Kiljunen, Olli (Aalto University, Finland);Kumar, Amruth N. (Ramapo College of New Jersey, United States);Liu, David (University of Toronto, Canada);Luxton-Reilly, Andrew (University of California, United States);Matsumoto, Stephanos (Olin College of Engineering, United States);Carneiro de Oliveira, Eduardo (Utrecht University, Netherlands);Russell, Seán (University of Auckland, New Zealand);Shah, Anshul (University of California, United States)",2024,Introducing Code Quality in the CS1 Classroom,"<p>Characterising code quality is a challenge that was addressed by Börstler et al.’s working group in 2017. As emerged from their study, educators, developers and students have different perceptions of the manifold aspects involved, and a major conclusion of that WG was that “code quality should be discussed more thoroughly in educational programs” [2, p. 70]. However, the lack of materials and the time constraints have slowed down progress in that regard. The goal of this working group is to propose manageable ways to address code quality in the CS1 classroom, with a particular focus on activities that help students become aware of and improve the quality of their code. To achieve this goal, we will (a) extract from the literature a comprehensive set of quality issues which will then be classified according to the appropriate strategies to fix them; and (b) circulate a survey to explore the instructors’ views on code quality issues and the way they deal with (or ignore) them. Based on this work we aim to produce: (1) a taxonomy of code quality issues with associated examples, as well as (2) a sample set of teaching materials to introduce those issues to CS1 students. © 2024 Copyright held by the owner/author(s)</p>",
Unterkalmsteiner_321_2024,"Unterkalmsteiner, Michael [mun] [0000-0003-4118-0952] (Blekinge Tekniska Högskola [16500], Fakulteten för datavetenskaper [16801], Institutionen för programvaruteknik [16805]);Badampudi, Deepika [deb] [0000-0002-6215-1774] (Blekinge Tekniska Högskola [16500], Fakulteten för datavetenskaper [16801], Institutionen för programvaruteknik [16805]);Britto, Ricardo [rbr] [0000-0002-7220-9570] (Blekinge Tekniska Högskola [16500], Fakulteten för datavetenskaper [16801], Institutionen för programvaruteknik [16805]);Ali, Nauman bin [nal] [0000-0001-7266-5632] (Blekinge Tekniska Högskola [16500], Fakulteten för datavetenskaper [16801], Institutionen för programvaruteknik [16805])",2024,Help Me to Understand this Commit! - A Vision for Contextualized Code Reviews,"<p>Background: Modern Code Review (MCR) is a key component for delivering high-quality software and sharing knowledge among developers. Effective reviews require an in-depth understanding of the code and demand from the reviewers to contextualize the change from different perspectives.</p><p>Aim: While there is a plethora of research on solutions that support developers to understand changed code, we have observed that many provide only narrow, specialized insights and very few aggregate information in a meaningful manner. Therefore, we aim to provide a vision of improving code understanding in MCR.</p><p>Method: We classified 53 research papers suggesting proposals to improve MCR code understanding. We use this classification, the needs expressed by code reviewers from previous research, and the information we have not found in the literature for extrapolation.</p><p>Results: We identified four major types of support systems and suggest an environment for contextualized code reviews. Furthermore, we illustrate with a set of scenarios how such an environment would improve the effectiveness of code reviews.</p><p>Conclusions: Current research focuses mostly on providing narrow support for developers. We outline a vision for how MCR can be improved by using context and reducing the cognitive load on developers. We hope our vision can foster future advancements in development environments. </p>",https://bth.diva-portal.org/smash/get/diva2:1896308/FULLTEXT01.pdf
Dorner_63_2025,"Dorner, Michael [mrr] [0000-0001-8879-6450] (Blekinge Tekniska Högskola [16500], Fakulteten för datavetenskaper [16801], Institutionen för programvaruteknik [16805]);Mendez, Daniel [dmz] [0000-0003-0619-6027] (Blekinge Tekniska Högskola [16500], Fakulteten för datavetenskaper [16801], Institutionen för programvaruteknik [16805]);Wnuk, Krzysztof [krw] [0000-0003-3567-9300] (Blekinge Tekniska Högskola [16500], Fakulteten för datavetenskaper [16801], Institutionen för programvaruteknik [16805]);Zabardast, Ehsan [ehz] [0000-0002-1729-5154] (Blekinge Tekniska Högskola [16500], Fakulteten för datavetenskaper [16801], Institutionen för programvaruteknik [16805]);Czerwonka, Jacek (Microsoft, Seattle, USA)",2025,The upper bound of information diffusion in code review,"<p>Background</p><p>Code review, the discussion around a code change among humans, forms a communication network that enables its participants to exchange and spread information. Although reported by qualitative studies, our understanding of the capability of code review as a communication network is still limited.</p><p>Objective</p><p>In this article, we report on a first step towards understanding and evaluating the capability of code review as a communication network by quantifying how fast and how far information can spread through code review: the upper bound of information diffusion in code review.</p><p>Method</p><p>In an in-silico experiment, we simulate an artificial information diffusion within large (Microsoft), mid-sized (Spotify), and small code review systems (Trivago) modelled as communication networks. We then measure the minimal topological and temporal distances between the participants to quantify how far and how fast information can spread in code review.</p><p>Results</p><p>An average code review participants in the small and mid-sized code review systems can spread information to between 72 % and 85 % of all code review participants within four weeks independently of network size and tooling; for the large code review systems, we found an absolute boundary of about 11 000 reachable participants. On average (median), information can spread between two participants in code review in less than five hops and less than five days.</p><p>Conclusion</p><p>We found evidence that the communication network emerging from code review scales well and spreads information fast and broadly, corroborating the findings of prior qualitative work. The study lays the foundation for understanding and improving code review as a communication network.</p>",https://bth.diva-portal.org/smash/get/diva2:1909360/FULLTEXT01.pdf
Iftikhar_140_2025,"Iftikhar, Umar [uif] [0000-0003-3177-6138] (Blekinge Tekniska Högskola [16500], Fakulteten för datavetenskaper [16801], Institutionen för programvaruteknik [16805])",2025,Practical Considerations and Solutions in NLP-Based Analysis of Code Review Comments - An Experience Report,"<p>Context: Automated analysis of code review comments (CRCs) can aid in highlighting frequently discussed issues by reviewers from large repositories. Topic modeling is a promising approach to analyzing large natural language repositories. However, CRCs contain natural language text and code references; thus, data pre-processing and topic modeling approaches must be carefully selected.</p><p>Objective: This work aims to discuss the various decisions taken and considerations involved in the analysis of CRCs.</p><p>Method: We utilized 5,560 CRCs from an open-source system to study the decisions and considerations faced during the analysis of CRCs using topic modeling, followed by an evaluation of the interpretability of identified themes by a domain expert.</p><p>Results: We report several observations and challenges in improving the quality of the identified themes, including choices regarding the pre-processing, topic modeling parameters, embedding model, and objective measures of coherence used, which impact the subjective interpretability of the identified themes.</p><p>Conclusions: This work offers unique considerations, and the impact of these decisions can facilitate future studies in conducting topic modeling-based analyses of CRCs. Future studies can utilize the technical demonstrator to explore the interpretability of the topics generated from CRCs. </p>",
Sridhara_289_2024,"Sridhara, Giriprasad (Ericsson, Gaia, Bangalore, India);Roychowdhury, Sujoy (Ericsson, Gaia, Bangalore, India);Soman, Sumit (Ericsson, Gaia, Bangalore, India);Ranjani, G. H. (Ericsson, Gaia, Bangalore, India);Britto, Ricardo [rbr] [0000-0002-7220-9570] (Blekinge Tekniska Högskola [16500], Fakulteten för datavetenskaper [16801], Institutionen för programvaruteknik [16805])",2024,Icing on the Cake : Automatic Code Summarization at Ericsson,"<p>This paper presents our findings on the automatic summarization of Java methods within Ericsson, a global telecommunications company. We evaluate the performance of an approach called Automatic Semantic Augmentation of Prompts (ASAP), which uses a Large Language Model (LLM) to generate leading summary comments (Javadocs) for Java methods. ASAP enhances the LLM's prompt context by integrating static program analysis and information retrieval techniques to identify similar exemplar methods along with their developer-written Javadocs, and serves as the baseline in our study.</p><p>In contrast, we explore and compare the performance of four simpler approaches that do not require static program analysis, information retrieval, or the presence of exemplars as in the ASAP method. Our methods rely solely on the Java method body as input, making them lightweight and more suitable for rapid deployment in commercial software development environments.</p><p>We conducted experiments on an Ericsson software project and replicated the study using two widely-used open-source Java projects, Guava and Elasticsearch, to ensure the reliability of our results. Performance was measured across eight metrics that capture various aspects of similarity. Notably, one of our simpler approaches performed as well as or better than the ASAP method on both the Ericsson project and the open-source projects.</p><p>Additionally, we performed an ablation study to examine the impact of method names on Javadoc summary generation across our four proposed approaches and the ASAP method. By masking the method names and observing the generated summaries, we found that our approaches were statistically significantly less influenced by the absence of method names compared to the baseline. This suggests that our methods are more robust to variations in method names and may derive summaries more comprehensively from the method body than the ASAP approach. </p>",
Izu_148_2024,"Izu, Cruz [0000-0002-7492-8886] (University of Adelaide, Australia);Mirolo, Claudio [0000-0002-1462-8304] (University of Udine, Italy);Börstler, Jürgen [jub] [0000-0003-0639-4234] (Blekinge Tekniska Högskola [16500], Fakulteten för datavetenskaper [16801], Institutionen för programvaruteknik [16805]);Connamacher, Harold [0000-0002-7301-8450] (Case Western Reserve University, USA);Crosby, Ryan [0000-0002-3478-307X] (Durham University, United Kingdom);Glassey, Richard [0000-0002-8996-0221] (KTH Royal Institute of Technology);Haldeman, Georgiana [0000-0001-6046-5924] (Colgate University, USA);Kiljunen, Olli [0000-0002-1347-0699] (Aalto University, Finland);Kumar, Amruth N. [0000-0002-1951-3995] (Ramapo College of New Jersey, USA);Liu, David [0000-0001-5777-5833] (University of Toronto, Canada);Luxton-Reilly, Andrew [0000-0001-8269-2909] (University of Auckland, New Zealand);Matsumoto, Stephanos [0000-0002-4659-054X] (Olin College of Engineering, USA);Carneiro de Oliveira, Eduardo [0009-0004-5795-5219] (Utrecht University, Netherlands);Russell, SeÁn [0000-0003-1992-8303] (University College, Ireland);Shah, Anshul [0000-0002-7545-5929] (University of California, USA)",2024,Introducing Code Quality at CS1 Level : Examples and Activities,"<p>Characterising code quality is a challenge that was addressed by a previous ITiCSE Working Group (Börstler et al., 2017). As emerged from that study, educators, developers, and students have different perceptions of the aspects involved. The perception of code quality by CS1 students develops from the feedback they receive when submitting practical work. As a consequence of increasingly large classes and the widespread use of autograders, student code is predominantly assessed based on functional correctness, emphasising a machine-oriented perspective with scarce or no feedback given about human-oriented aspects of code quality. Such limited perception of code quality may negatively impact how students understand, create, and interact with code artefacts. Although Börstler et al. concluded that ""code quality should be discussed more thoroughly in educational programs"", the lack of materials and time constraints have slowed down progress in that regard. The goal of this Working Group is to support CS1 instructors who want to introduce a broader perspective on code quality in their classroom by providing a curated list of examples and activities suitable for novices. In order to achieve this goal, we have extracted from the CS education literature a range of examples and activities, which have then been analyzed and organized in terms of code quality dimensions. We have also mapped the topics covered in those materials to existing taxonomies relevant to code quality in CS1. Based on this work, we provide (1) a catalog of examples that illustrates the range of quality defects that could be addressed at the CS1 level and (2) a sample set of activities devised to introduce code quality to CS1 students. These materials have the potential to help educators address the subject in more depth.</p>",https://bth.diva-portal.org/smash/get/diva2:1937825/FULLTEXT01.pdf
Iftikhar_144_2025,"Iftikhar, Umar [uif] [0000-0003-3177-6138] (Blekinge Tekniska Högskola [16500], Fakulteten för datavetenskaper [16801], Institutionen för programvaruteknik [16805]);Börstler, Jürgen [jub] [0000-0003-0639-4234] (Blekinge Tekniska Högskola [16500], Fakulteten för datavetenskaper [16801], Institutionen för programvaruteknik [16805]);Ali, Nauman bin [nal] [0000-0001-7266-5632] (Blekinge Tekniska Högskola [16500], Fakulteten för datavetenskaper [16801], Institutionen för programvaruteknik [16805]);Kopp, Oliver (University of Stuttgart, Germany)",2025,Supporting the identification of prevalent quality issues in code changes by analyzing reviewers’ feedback,"<p>Context: Code reviewers provide valuable feedback during the code review. Identifying common issues described in the reviewers’ feedback can provide input for devising context-specific software development improvements. However, the use of reviewer feedback for this purpose is currently less explored.</p><p>Objective: In this study, we assess how automation can derive more interpretable and informative themes in reviewers’ feedback and whether these themes help to identify recurring quality-related issues in code changes.</p><p>Method: We conducted a participatory case study using the JabRef system to analyze reviewers’ feedback on merged and abandoned code changes. We used two promising topic modeling methods (GSDMM and BERTopic) to identify themes in 5,560 code review comments. The resulting themes were analyzed and named by a domain expert from JabRef.</p><p>Results: The domain expert considered the identified themes from the two topic models to represent quality-related issues. Different quality issues are pointed out in code reviews for merged and abandoned code changes. While BERTopic provides higher objective coherence, the domain expert considered themes from short-text topic modeling more informative and easy to interpret than BERTopic-based topic modeling.</p><p>Conclusions: The identified prevalent code quality issues aim to address the maintainability-focused issues. The analysis of code review comments can enhance the current practices for JabRef by improving the guidelines for new developers and focusing discussions in the developer forums. The topic model choice impacts the interpretability of the generated themes, and a higher coherence (based on objective measures) of generated topics did not lead to improved interpretability by a domain expert. </p>",https://bth.diva-portal.org/smash/get/diva2:1955876/FULLTEXT01.pdf
