citationid,paperid,Name,Year,Title,Abstract,FullTextLink,topics,probs,representations
Alégroth_14_2020,1354445,"Alégroth, Emil [EAL] (Blekinge Tekniska Högskola [16500], Fakulteten för datavetenskaper [16801], Institutionen för programvaruteknik [16805]) (SERL);Gorschek, Tony [tgo] (Blekinge Tekniska Högskola [16500], Fakulteten för datavetenskaper [16801], Institutionen för programvaruteknik [16805]) (SERL);Petersen, Kai [kps] [0000-0002-1532-8223] (Blekinge Tekniska Högskola [16500], Fakulteten för datavetenskaper [16801], Institutionen för programvaruteknik [16805]);Mattsson, Michael [mma] (Blekinge Tekniska Högskola [16500], Fakulteten för datavetenskaper [16801], Institutionen för programvaruteknik [16805]) (SERL)",2020,Characteristics that affect Preference of Decision Models for Asset Selection : An Industrial Questionnaire Survey,"<p>Modern software development relies on a combination of development and re-use of technical asset, e.g. software components, libraries and APIs.In the past, re-use was mostly conducted with internal assets but today external; open source, customer off-the-shelf (COTS) and assets developed through outsourcing are also common.This access to more asset alternatives presents new challenges regarding what assets to optimally chose and how to make this decision.To support decision-makers, decision-theory has been used to develop decision models for asset selection.However, very little industrial data has been presented in literature about the usefulness, or even perceived usefulness, of these models.Additionally, only limited information has been presented about what model characteristics that determine practitioner preference towards one model over another.</p><p><strong>Objective:</strong> The objective of this work is to evaluate what characteristics of decision models for asset selection that determine industrial practitioner preference of a model when given the choice of a decision-model of high precision or a model with high speed.</p><p><strong>Method: </strong>An industrial questionnaire survey is performed where a total of 33 practitioners, of varying roles, from 18 companies are tasked to compare two decision models for asset selection.Textual analysis and formal and descriptive statistics are then applied on the survey responses to answer the study's research questions.</p><p><strong>Results:</strong> The study shows that the practitioners had clear preference towards the decision model that emphasised speed over the one that emphasised decision precision.This conclusion was determined to be because one of the models was perceived faster, had lower complexity, had, was more flexible in use for different decisions, was more agile how it could be used in operation, its emphasis on people, its emphasis on ``good enough'' precision and ability to fail fast if a decision was a failure.Hence, seven characteristics that the practitioners considered important for their acceptance of the model.</p><p><strong>Conclusion:</strong> Industrial practitioner preference, which relates to acceptance, of decision models for asset selection is dependent on multiple characteristics that must be considered when developing a model for different types of decisions such as operational day-to-day decisions as well as more critical tactical or strategic decisions.The main contribution of this work are seven identified characteristics that can serve as industrial requirements for future research on decision models for asset selection.</p>",https://bth.diva-portal.org/smash/get/diva2:1354445/FULLTEXT01.pdf,[20],[0.2410624596530267],"[['reuse', 'reusing', 'reusable assets', 'innersource practices', 'reusable', 'practices innersource', 'practices improve', 'cost factors', 'potential improvements', 'ownership reusable']]"
Angermeir_17_2024,1922042,"Angermeir, Florian [fau] [0000-0001-7903-8236] (Blekinge Tekniska Högskola [16500], Fakulteten för datavetenskaper [16801], Institutionen för programvaruteknik [16805]);Fischbach, Jannik (Fortiss, Germany);Moyón, Fabiola (Siemens Technology, Germany);Mendez, Daniel [dmz] [0000-0003-0619-6027] (Blekinge Tekniska Högskola [16500], Fakulteten för datavetenskaper [16801], Institutionen för programvaruteknik [16805])",2024,Towards Automated Continuous Security Compliance,"<p>Context: Continuous Software Engineering is increasingly adopted in highly regulated domains, raising the need for continuous compliance. Adherence to especially security regulations - a major concern in highly regulated domains - renders Continuous Security Compliance of high relevance to industry and research.</p><p>Problem: One key barrier to adopting continuous software engineering in the industry is the resource-intensive and error-prone nature of traditional manual security compliance activities. Automation promises to be advantageous. However, continuous security compliance is under-researched, precluding an effective adoption.</p><p>Contribution: We have initiated a long-term research project with our industry partner to address these issues. In this manuscript, we make three contributions: (1) We provide a precise definition of the term continuous security compliance aligning with the state-of-art, (2) elaborate a preliminary overview of challenges in the field of automated continuous security compliance through a tertiary literature study, and (3) present a research roadmap to address those challenges via automated continuous security compliance. © 2024 ACM.</p>",,"[6, 26, 6, 6, 6, 6]","[0.4273337557202224, 1.0, 0.35494950195916136, 0.34536804338347116, 0.29123797805838053, 0.360701913803636]","[['security experts', 'cybersecurity', 'security', 'non security', 'requirements specifications', 'compliance', 'information sharing', 'vulnerabilities', 'confidentiality', 'threats'], ['continuous engineering', 'continuous integration', 'adopting continuous', 'engineering practices', 'continuous delivery', 'continuous', 'activities continuous', 'integration delivery', 'engineering', 'implementing'], ['security experts', 'cybersecurity', 'security', 'non security', 'requirements specifications', 'compliance', 'information sharing', 'vulnerabilities', 'confidentiality', 'threats'], ['security experts', 'cybersecurity', 'security', 'non security', 'requirements specifications', 'compliance', 'information sharing', 'vulnerabilities', 'confidentiality', 'threats'], ['security experts', 'cybersecurity', 'security', 'non security', 'requirements specifications', 'compliance', 'information sharing', 'vulnerabilities', 'confidentiality', 'threats'], ['security experts', 'cybersecurity', 'security', 'non security', 'requirements specifications', 'compliance', 'information sharing', 'vulnerabilities', 'confidentiality', 'threats']]"
Badampudi_27_2025,1923599,"Badampudi, Deepika [deb] [0000-0002-6215-1774] (Blekinge Tekniska Högskola [16500], Fakulteten för datavetenskaper [16801], Institutionen för programvaruteknik [16805]);Usman, Muhammad [muu] [0000-0002-8132-0107] (Blekinge Tekniska Högskola [16500], Fakulteten för datavetenskaper [16801], Institutionen för programvaruteknik [16805]);Chen, Xingru [xcn] [0000-0003-1181-9049] (Blekinge Tekniska Högskola [16500], Fakulteten för datavetenskaper [16801], Institutionen för programvaruteknik [16805])",2025,Large scale reuse of microservices using CI/CD and InnerSource practices - a case study,"<p>Contemporary practices such as InnerSource (adopting open source practices within an organization), continuous integration and delivery (CI/CD), and the use of microservices promote software reuse. Although the benefits of individual contemporary practices on reuse may be known, the implications of collective contemporary practices, mainly challenges and improvements to mitigate the challenges, are to a large extent unknown. In this study, we investigate the additional effort (cost factors), benefits, challenges, and potential improvements in contemporary reuse at Ericsson.</p><p>We performed the study in two phases: a) the initial data collection based on a combination of data collection methods (e.g., interviews, discussions, company portals), and b) a follow-up group discussion after a year to understand the status of the challenges and improvements identified in the first phase.</p><p>Our results indicate that developing reusable assets resulted in upfront cost factors, such as additional effort in ensuring compliance. Furthermore, development with reuse also resulted in cost factors, for example, additional effort in integrating and understanding reusable assets. Ericsson perceived the cost factors as an investment resulting in long-term benefits such as improved quality, productivity, customer experience, and way of working. The main challenge faced by Ericsson was the pressure on the producers of reusable assets. Our study shows how InnerSource can lead to an increase in contributions to reusable assets. Furthermore, Ericsson implemented measures like automating compliance checks that improved the maturity of reusable assets, resulting in an increase in their reuse.</p><p>In summary, effective use of contemporary practices such as InnerSource and CI/CD, along with the use of microservices, can facilitate large scale reuse. © The Author(s) 2024.</p>",https://bth.diva-portal.org/smash/get/diva2:1923599/FULLTEXT01.pdf,"[33, 20, 20, 20, 20, 20, 20, 20, 20, 20]","[1.0, 1.0, 1.0, 1.0, 0.48481832077285864, 0.519226105485766, 0.3718476902595479, 1.0, 0.5902261927585624, 0.2347021401513231]","[['microservices', 'services', 'micro', 'security scanning', 'security vulnerabilities', 'mitigating security', 'functionality', 'framework', 'security domain', 'security'], ['reuse', 'reusing', 'reusable assets', 'innersource practices', 'reusable', 'practices innersource', 'practices improve', 'cost factors', 'potential improvements', 'ownership reusable'], ['reuse', 'reusing', 'reusable assets', 'innersource practices', 'reusable', 'practices innersource', 'practices improve', 'cost factors', 'potential improvements', 'ownership reusable'], ['reuse', 'reusing', 'reusable assets', 'innersource practices', 'reusable', 'practices innersource', 'practices improve', 'cost factors', 'potential improvements', 'ownership reusable'], ['reuse', 'reusing', 'reusable assets', 'innersource practices', 'reusable', 'practices innersource', 'practices improve', 'cost factors', 'potential improvements', 'ownership reusable'], ['reuse', 'reusing', 'reusable assets', 'innersource practices', 'reusable', 'practices innersource', 'practices improve', 'cost factors', 'potential improvements', 'ownership reusable'], ['reuse', 'reusing', 'reusable assets', 'innersource practices', 'reusable', 'practices innersource', 'practices improve', 'cost factors', 'potential improvements', 'ownership reusable'], ['reuse', 'reusing', 'reusable assets', 'innersource practices', 'reusable', 'practices innersource', 'practices improve', 'cost factors', 'potential improvements', 'ownership reusable'], ['reuse', 'reusing', 'reusable assets', 'innersource practices', 'reusable', 'practices innersource', 'practices improve', 'cost factors', 'potential improvements', 'ownership reusable'], ['reuse', 'reusing', 'reusable assets', 'innersource practices', 'reusable', 'practices innersource', 'practices improve', 'cost factors', 'potential improvements', 'ownership reusable']]"
Chen_48_2022,1696267,"Chen, Xingru [xcn] [0000-0003-1181-9049] (Blekinge Tekniska Högskola [16500], Fakulteten för datavetenskaper [16801], Institutionen för programvaruteknik [16805]);Badampudi, Deepika [deb] [0000-0002-6215-1774] (Blekinge Tekniska Högskola [16500], Fakulteten för datavetenskaper [16801], Institutionen för programvaruteknik [16805]);Usman, Muhammad [muu] [0000-0002-8132-0107] (Blekinge Tekniska Högskola [16500], Fakulteten för datavetenskaper [16801], Institutionen för programvaruteknik [16805])",2022,Reuse in Contemporary Software Engineering Practices - An Exploratory Case Study in A Medium-sized Company,"<p>Background: Software practice is evolving with changing technologies and practices such as InnerSource, DevOps, and microservices. It is important to investigate the impact of contemporary software engineering (SE) practices on software reuse.Aim: This study aims to characterize software reuse in contemporary SE practices and investigate its implications in terms of costs, benefits, challenges, and potential improvements in a medium-sized company.Method: We performed an exploratory case study by conducting interviews, group discussions, and reviewing company documentation to investigate software reuse in the context of contemporary SE practices in the case company.Results: The results indicate that the development for reuse in contemporary SE practices incurs additional coordination, among other costs. Development with reuse led to relatively fewer additional costs and resulted in several benefits such as better product quality and less development and delivery time. Ownership of reusable assets is challenging in contemporary SE practice. InnerSource practices may help mitigate the top perceived challenges: discoverability and ownership of the reusable assets, knowledge sharing and reuse measurement.Conclusion: Reuse in contemporary SE practices is not without additional costs and challenges. However, the practitioners perceive costs as investments that benefit the company in the long run.</p>",https://bth.diva-portal.org/smash/get/diva2:1696267/FULLTEXT01.pdf,"[20, 33, 20, 20, 20, 20]","[1.0, 0.5915790545363724, 1.0, 1.0, 0.24202292049918137, 0.8153525434998818]","[['reuse', 'reusing', 'reusable assets', 'innersource practices', 'reusable', 'practices innersource', 'practices improve', 'cost factors', 'potential improvements', 'ownership reusable'], ['microservices', 'services', 'micro', 'security scanning', 'security vulnerabilities', 'mitigating security', 'functionality', 'framework', 'security domain', 'security'], ['reuse', 'reusing', 'reusable assets', 'innersource practices', 'reusable', 'practices innersource', 'practices improve', 'cost factors', 'potential improvements', 'ownership reusable'], ['reuse', 'reusing', 'reusable assets', 'innersource practices', 'reusable', 'practices innersource', 'practices improve', 'cost factors', 'potential improvements', 'ownership reusable'], ['reuse', 'reusing', 'reusable assets', 'innersource practices', 'reusable', 'practices innersource', 'practices improve', 'cost factors', 'potential improvements', 'ownership reusable'], ['reuse', 'reusing', 'reusable assets', 'innersource practices', 'reusable', 'practices innersource', 'practices improve', 'cost factors', 'potential improvements', 'ownership reusable']]"
Chen_49_2024,1849043,"Chen, Xingru [xcn] [0000-0003-1181-9049] (Blekinge Tekniska Högskola [16500], Fakulteten för datavetenskaper [16801], Institutionen för programvaruteknik [16805]);Usman, Muhammad [muu] [0000-0002-8132-0107] (Blekinge Tekniska Högskola [16500], Fakulteten för datavetenskaper [16801], Institutionen för programvaruteknik [16805]);Badampudi, Deepika [deb] [0000-0002-6215-1774] (Blekinge Tekniska Högskola [16500], Fakulteten för datavetenskaper [16801], Institutionen för programvaruteknik [16805])",2024,Understanding and evaluating software reuse costs and benefits from industrial cases—A systematic literature review,"<p>Context: Software reuse costs and benefits have been investigated in several primary studies, which have been aggregated in multiple secondary studies as well. However, existing secondary studies on software reuse have not critically appraised the evidence in primary studies. Moreover, there has been relatively less focus on how software reuse costs and benefits were measured in the primary studies, and the aggregated evidence focuses more on software reuse benefits than reuse costs. Objective: This study aims to cover the gaps mentioned in the context above by synthesizing and critically appraising the evidence reported on software reuse costs and benefits from industrial cases. Method: We used a systematic literature review (SLR) to conduct this study. The results of this SLR are based on a final set of 30 primary studies. Results: We identified nine software reuse benefits and six software reuse costs, in which better quality and improved productivity were investigated the most. The primary studies mostly used defect-based and development time-based metrics to measure reuse benefits and costs. Regarding the reuse practices, the results show that software product lines, verbatim reuse, and systematic reuse were the top investigated ones, contributing to more reuse benefits. The quality assessment of the primary studies showed that most of them are either of low (20%) or moderate (67%) quality. Conclusion: Based on the number and quality of the studies, we conclude that the strength of evidence for better quality and improved productivity as reuse benefits is high. There is a need to conduct more high quality studies to investigate, not only other reuse costs and benefits, but also how relatively new reuse-related practices, such as InnerSource and microservices architecture, impact software reuse. © 2024 The Author(s)</p>",https://bth.diva-portal.org/smash/get/diva2:1849043/FULLTEXT01.pdf,"[20, 20, 20, 20, 20, 20, 20, 20, 20]","[1.0, 1.0, 1.0, 0.7160640959733218, 0.7987581825086638, 1.0, 1.0, 0.4136892014357609, 0.348677159376881]","[['reuse', 'reusing', 'reusable assets', 'innersource practices', 'reusable', 'practices innersource', 'practices improve', 'cost factors', 'potential improvements', 'ownership reusable'], ['reuse', 'reusing', 'reusable assets', 'innersource practices', 'reusable', 'practices innersource', 'practices improve', 'cost factors', 'potential improvements', 'ownership reusable'], ['reuse', 'reusing', 'reusable assets', 'innersource practices', 'reusable', 'practices innersource', 'practices improve', 'cost factors', 'potential improvements', 'ownership reusable'], ['reuse', 'reusing', 'reusable assets', 'innersource practices', 'reusable', 'practices innersource', 'practices improve', 'cost factors', 'potential improvements', 'ownership reusable'], ['reuse', 'reusing', 'reusable assets', 'innersource practices', 'reusable', 'practices innersource', 'practices improve', 'cost factors', 'potential improvements', 'ownership reusable'], ['reuse', 'reusing', 'reusable assets', 'innersource practices', 'reusable', 'practices innersource', 'practices improve', 'cost factors', 'potential improvements', 'ownership reusable'], ['reuse', 'reusing', 'reusable assets', 'innersource practices', 'reusable', 'practices innersource', 'practices improve', 'cost factors', 'potential improvements', 'ownership reusable'], ['reuse', 'reusing', 'reusable assets', 'innersource practices', 'reusable', 'practices innersource', 'practices improve', 'cost factors', 'potential improvements', 'ownership reusable'], ['reuse', 'reusing', 'reusable assets', 'innersource practices', 'reusable', 'practices innersource', 'practices improve', 'cost factors', 'potential improvements', 'ownership reusable']]"
Chen_50_2023,1777791,"Chen, Xingru [xcn] [0000-0003-1181-9049] (Blekinge Tekniska Högskola [16500], Fakulteten för datavetenskaper [16801], Institutionen för programvaruteknik [16805]);Usman, Muhammad [muu] [0000-0002-8132-0107] (Blekinge Tekniska Högskola [16500], Fakulteten för datavetenskaper [16801], Institutionen för programvaruteknik [16805]);Badampudi, Deepika [deb] [0000-0002-6215-1774] (Blekinge Tekniska Högskola [16500], Fakulteten för datavetenskaper [16801], Institutionen för programvaruteknik [16805])",2023,Using InnerSource for Improving Internal Reuse : An Industrial Case Study,"<p>Background: InnerSource consists of the use of open source development techniques within the corporation. It helps improve software reuse through increased transparency and inter-team collaboration. Companies need to understand their context and specific needs before deciding to adopt any specific InnerSource practices since they cannot apply all InnerSource practices at once. Aim: This study aims to support the case company in assessing its readiness for adopting InnerSource practices to improve its internal reuse, identify and prioritize the improvement areas, and identify suitable solutions. Method: We performed a case study using a questionnaire and a workshop to check the current and desired status of adopting InnerSource practices and collect potential solutions. Results: The study participants identified that the company needs to prioritize the improvements related to the discoverability, communication channels, and ownership of the reusable assets. In addition, they identified certain InnerSource practices as solutions for the prioritized improvement areas, such as better structured repositories for storing and searching the reusable assets and standardized documentation of the reusable assets. Conclusion: The questionnaire instrument aids the case company in identifying the improvement areas related to InnerSource and reuse practices. InnerSource practices could improve the development and maintenance of reusable assets. Keywords: InnerSource, software reuse, readiness © 2023 Owner/Author.</p>",https://bth.diva-portal.org/smash/get/diva2:1777791/FULLTEXT01.pdf,"[20, 20, 20, 20, 20, 20, 20, 20, 20, 20]","[1.0, 0.8554653997509979, 1.0, 1.0, 0.8872180403289128, 0.3974352239356787, 1.0, 1.0, 1.0, 1.0]","[['reuse', 'reusing', 'reusable assets', 'innersource practices', 'reusable', 'practices innersource', 'practices improve', 'cost factors', 'potential improvements', 'ownership reusable'], ['reuse', 'reusing', 'reusable assets', 'innersource practices', 'reusable', 'practices innersource', 'practices improve', 'cost factors', 'potential improvements', 'ownership reusable'], ['reuse', 'reusing', 'reusable assets', 'innersource practices', 'reusable', 'practices innersource', 'practices improve', 'cost factors', 'potential improvements', 'ownership reusable'], ['reuse', 'reusing', 'reusable assets', 'innersource practices', 'reusable', 'practices innersource', 'practices improve', 'cost factors', 'potential improvements', 'ownership reusable'], ['reuse', 'reusing', 'reusable assets', 'innersource practices', 'reusable', 'practices innersource', 'practices improve', 'cost factors', 'potential improvements', 'ownership reusable'], ['reuse', 'reusing', 'reusable assets', 'innersource practices', 'reusable', 'practices innersource', 'practices improve', 'cost factors', 'potential improvements', 'ownership reusable'], ['reuse', 'reusing', 'reusable assets', 'innersource practices', 'reusable', 'practices innersource', 'practices improve', 'cost factors', 'potential improvements', 'ownership reusable'], ['reuse', 'reusing', 'reusable assets', 'innersource practices', 'reusable', 'practices innersource', 'practices improve', 'cost factors', 'potential improvements', 'ownership reusable'], ['reuse', 'reusing', 'reusable assets', 'innersource practices', 'reusable', 'practices innersource', 'practices improve', 'cost factors', 'potential improvements', 'ownership reusable'], ['reuse', 'reusing', 'reusable assets', 'innersource practices', 'reusable', 'practices innersource', 'practices improve', 'cost factors', 'potential improvements', 'ownership reusable']]"
Felderer_73_2022,1630926,"Felderer, Michael [mfd] [0000-0003-3818-4442] (Blekinge Tekniska Högskola [16500], Fakulteten för datavetenskaper [16801], Institutionen för programvaruteknik [16805]);Galster, Matthias (University of Canterbury, NZL);Izurieta, Clemente (Montana State University, USA);Seaman, Carolyn (University of Maryland, USA)",2022,Introduction to the Special Issue on value and waste in software engineering,"<p>In the context of software engineering, “value” and “waste” can mean different things to different stakeholders. While traditionally value and waste have been considered from a business or economic point of view, there has been a trend in recent years towards a broader perspective that also includes wider human and societal values. This Special Issue explores value and waste aspects in all areas of software engineering, including identifying, quantifying, reasoning about, and representing value and waste, driving value and avoiding waste, and managing value and waste. In this editorial we provide an introduction to the topic and provide an overview of the contributions included in this Special Issue. © 2021</p>",,"[29, 29, 29, 29]","[0.3166280000826575, 0.3364299528101869, 0.34608180845932984, 0.2707169569704386]","[['assets', 'asset', 'products services', 'concepts', 'different stakeholders', 'technical aspects', 'management', 'metadata', 'related concepts', 'accounting'], ['assets', 'asset', 'products services', 'concepts', 'different stakeholders', 'technical aspects', 'management', 'metadata', 'related concepts', 'accounting'], ['assets', 'asset', 'products services', 'concepts', 'different stakeholders', 'technical aspects', 'management', 'metadata', 'related concepts', 'accounting'], ['assets', 'asset', 'products services', 'concepts', 'different stakeholders', 'technical aspects', 'management', 'metadata', 'related concepts', 'accounting']]"
Fucci_105_2024,1897893,"Fucci, Davide [dfu] [0000-0002-0679-4361] (Blekinge Tekniska Högskola [16500], Fakulteten för datavetenskaper [16801], Institutionen för programvaruteknik [16805])",2024,FAIR enough : A Vision for Research Objects in Empirical Software Engineering Studies,"<p>In recent years, the software engineering research community has been fostering Open Science through several initiatives. Although the transparency fostered in Open Science can address some of the concerns related to appropriate study design and data analysis methods, the community still needs to fully embrace a set of guidelines for managing research data, such as FAIR principles. A fundamental aspect of FAIR is the Research Object - -i.e., a bundle of research artifacts and their metadata. In this paper, I show an example of a Research Object and discuss how formalized metadata can benefit the community. © 2024 Copyright is held by the owner/author(s). Publication rights licensed to ACM.</p>",https://bth.diva-portal.org/smash/get/diva2:1897893/FULLTEXT01.pdf,"[25, 25, 29, 1]","[1.0, 1.0, 0.21449669397543358, 0.046940037853075184]","[['engineering collaboration', 'quality engineering', 'collaboration engineering', 'engineering context', 'engineering objective', 'industry academia', 'qualitative methods', 'engineering conclusions', 'studies engineering', 'engineering aims'], ['engineering collaboration', 'quality engineering', 'collaboration engineering', 'engineering context', 'engineering objective', 'industry academia', 'qualitative methods', 'engineering conclusions', 'studies engineering', 'engineering aims'], ['assets', 'asset', 'products services', 'concepts', 'different stakeholders', 'technical aspects', 'management', 'metadata', 'related concepts', 'accounting'], ['requirements quality', 'requirements engineering', 'requirements specifications', 'quality requirements', 'requirements artifacts', 'requirements attributes', 'requirement', 'requirements', 'quality factors', 'quality defects']]"
Fucci_108_2025,1995498,"Fucci, Davide [dfu] [0000-0002-0679-4361] (Blekinge Tekniska Högskola [16500], Fakulteten för datavetenskaper [16801], Institutionen för programvaruteknik [16805]);Di Penta, Massimiliano [0000-0002-0340-9747] (University of Sannio, Italy);Romano, Simone [0000-0003-4880-3622] (University of Salerno, Salerno, Italy);Scanniello, Giuseppe [0000-0003-0024-7508] (University of Salerno, Salerno, Italy)",2025,Augmenting Software Bills of Materials with Software Vulnerability Description : A Preliminary Study on GitHub,"<p>Software Bills of Material (SBOMs) are becoming a consolidated-and often enforced by governmental regulations-way to describe software composition. However, based on recent studies, SBOMs suffer from limited support for their consumption and lack information beyond simple dependencies, especially regarding software vulnerabilities. This paper reports the results of a preliminary study in which we augmented SBOMs of 40 open-source projects with information about Common Vulnerabilities and Exposures (CVE) exposed by project dependencies. Our augmented SBOMs have been evaluated by submitting pull requests and by asking project owners to answer a survey. Although, in most cases, augmented SBOMs were not directly accepted because owners required a continuous SBOM update, the received feedback shows the usefulness of the suggested SBOM augmentation.</p>",https://bth.diva-portal.org/smash/get/diva2:1995498/FULLTEXT01.pdf,"[15, 29]","[0.12888230331040054, 1.0]","[['issue reports', 'bugs', 'defects', 'reports identify', 'bug', 'reports', 'report', 'reports industrial', 'technical debt', 'machine learning'], ['assets', 'asset', 'products services', 'concepts', 'different stakeholders', 'technical aspects', 'management', 'metadata', 'related concepts', 'accounting']]"
Irshad_147_2021,1579815,"Irshad, Mohsin [MIR] (Ericsson Sweden AB, Sweden);Petersen, Kai [kps] [0000-0002-1532-8223] (Blekinge Tekniska Högskola [16500], Fakulteten för datavetenskaper [16801], Institutionen för programvaruteknik [16805])",2021,A systematic reuse process for automated acceptance tests : Construction and elementary evaluation,"<p><strong>Context: </strong>Automated acceptance testing validates a product's functionality from the customer's perspective. Text-based automated acceptance tests (AATs) have gained popularity because they link requirements and testing.</p><p><strong>Objective:</strong> To propose and evaluate a cost-effective systematic reuse process for automated acceptance tests.</p><p><strong>Method:</strong> A systematic approach, method engineering, is used to construct a systematic reuse process for automated acceptance tests. The techniques to support searching, assessing, adapting the reusable tests are proposed and evaluated. The constructed process is evaluated using (i) qualitative feedback from software practitioners and (ii) a demonstration of the process in an industry setting. The process was evaluated for three constraints: performance expectancy, effort expectancy, and facilitating conditions.</p><p><strong>Results</strong>: The process consists of eleven activities that support development for reuse, development with reuse, and assessment of the costs and benefits of reuse. During the evaluation, practitioners found the process a useful method to support reuse. In the industrial demonstration, it was noted that the activities in the solution helped in developing an automated acceptance test with reuse faster than creating a test from scratch i.e., searching, assessment, and adaptation parts.</p><p><strong>Conclusion:</strong> The process is found to be useful and relevant to the industry during the preliminary investigation. </p>",https://bth.diva-portal.org/smash/get/diva2:1579815/FULLTEXT01.pdf,"[20, 20]","[1.0, 0.682587464213966]","[['reuse', 'reusing', 'reusable assets', 'innersource practices', 'reusable', 'practices innersource', 'practices improve', 'cost factors', 'potential improvements', 'ownership reusable'], ['reuse', 'reusing', 'reusable assets', 'innersource practices', 'reusable', 'practices innersource', 'practices improve', 'cost factors', 'potential improvements', 'ownership reusable']]"
Klotins_161_2022,1658028,"Klotins, Eriks [ekx] [0000-0002-1987-2234] (Blekinge Tekniska Högskola [16500], Fakulteten för datavetenskaper [16801], Institutionen för programvaruteknik [16805]);Gorschek, Tony [tgo] [0000-0002-3646-235x] (Blekinge Tekniska Högskola [16500], Fakulteten för datavetenskaper [16801], Institutionen för programvaruteknik [16805])",2022,Continuous Software Engineering in the Wild,"<p>Software is becoming a critical component of most products and organizational functions. The ability to continuously improve software determines how well the organization can respond to market opportunities. Continuous software engineering promises numerous advantages over sprint-based or plan-driven development. However, implementing a continuous software engineering pipeline in an existing organization is challenging. In this invited position paper, we discuss the adoption challenges and argue for a more systematic methodology to drive the adoption of continuous engineering. Our discussion is based on ongoing work with several industrial partners as well as experience reported in both state-of-practice and state-of-the-art. We conclude that the adoption of continuous software engineering primarily requires analysis of the organization, its goals, and constraints. One size does not fit all purposes, meaning that many of the principles behind continuous engineering are relevant for most organizations, but the level of realization and the benefits may still vary. The main hindrances to continuous flow of software arise from sub-optimal organizational structures and the lack of alignment. Once those are removed, the organization can implement automation to further improve the software delivery. © 2022, Springer Nature Switzerland AG.</p>",,"[26, 26, 26, 26, 26, 26]","[1.0, 1.0, 0.1227822980083606, 1.0, 1.0, 1.0]","[['continuous engineering', 'continuous integration', 'adopting continuous', 'engineering practices', 'continuous delivery', 'continuous', 'activities continuous', 'integration delivery', 'engineering', 'implementing'], ['continuous engineering', 'continuous integration', 'adopting continuous', 'engineering practices', 'continuous delivery', 'continuous', 'activities continuous', 'integration delivery', 'engineering', 'implementing'], ['continuous engineering', 'continuous integration', 'adopting continuous', 'engineering practices', 'continuous delivery', 'continuous', 'activities continuous', 'integration delivery', 'engineering', 'implementing'], ['continuous engineering', 'continuous integration', 'adopting continuous', 'engineering practices', 'continuous delivery', 'continuous', 'activities continuous', 'integration delivery', 'engineering', 'implementing'], ['continuous engineering', 'continuous integration', 'adopting continuous', 'engineering practices', 'continuous delivery', 'continuous', 'activities continuous', 'integration delivery', 'engineering', 'implementing'], ['continuous engineering', 'continuous integration', 'adopting continuous', 'engineering practices', 'continuous delivery', 'continuous', 'activities continuous', 'integration delivery', 'engineering', 'implementing']]"
Klotins_162_2022,1691652,"Klotins, Eriks [ekx] [0000-0002-1987-2234] (Blekinge Tekniska Högskola [16500], Fakulteten för datavetenskaper [16801], Institutionen för programvaruteknik [16805]);Gorschek, Tony [tgo] [0000-0002-3646-235x] (Blekinge Tekniska Högskola [16500], Fakulteten för datavetenskaper [16801], Institutionen för programvaruteknik [16805]);Sundelin, Katarina (Ericsson AB Karlskrona, SWE);Falk, Erik (Telia Co Uppsala, SWE)",2022,Towards cost-benefit evaluation for continuous software engineering activities,"<p>Context: Software companies must become better at delivering software to remain relevant in the market. Continuous integration and delivery practices promise to streamline software deliveries to end-users by implementing an automated software development and delivery pipeline. However, implementing or retrofitting an organization with such a pipeline is a substantial investment, while the reporting on benefits and their relevance in specific contexts/domains are vague. Aim: In this study, we explore continuous software engineering practices from an investment-benefit perspective. We identify what benefits can be attained by adopting continuous practices, what the associated investments and risks are, and analyze what parameters determine their relevance. Method: We perform a multiple case study to understand state-of-practice, organizational aims, and challenges in adopting continuous software engineering practices. We compare state-of-practice with state-of-the-art to validate the best practices and identify relevant gaps for further investigation. Results: We found that companies start the CI/CD adoption by automating and streamlining the internal development process with clear and immediate benefits. However, upgrading customers to continuous deliveries is a major obstacle due to existing agreements and customer push-back. Renegotiating existing agreements comes with a risk of losing customers and disrupting the whole organization. Conclusions: We conclude that the benefits of CI/CD are overstated in literature without considering the contextual and domain complexities rendering some benefits infeasible. We identify the need to understand the customer and organizational perspectives further and understand the contextual requirements towards the CI/CD.</p>",https://bth.diva-portal.org/smash/get/diva2:1691652/FULLTEXT01.pdf,"[26, 26, 26, 26, 26]","[1.0, 0.4875360739412673, 1.0, 1.0, 1.0]","[['continuous engineering', 'continuous integration', 'adopting continuous', 'engineering practices', 'continuous delivery', 'continuous', 'activities continuous', 'integration delivery', 'engineering', 'implementing'], ['continuous engineering', 'continuous integration', 'adopting continuous', 'engineering practices', 'continuous delivery', 'continuous', 'activities continuous', 'integration delivery', 'engineering', 'implementing'], ['continuous engineering', 'continuous integration', 'adopting continuous', 'engineering practices', 'continuous delivery', 'continuous', 'activities continuous', 'integration delivery', 'engineering', 'implementing'], ['continuous engineering', 'continuous integration', 'adopting continuous', 'engineering practices', 'continuous delivery', 'continuous', 'activities continuous', 'integration delivery', 'engineering', 'implementing'], ['continuous engineering', 'continuous integration', 'adopting continuous', 'engineering practices', 'continuous delivery', 'continuous', 'activities continuous', 'integration delivery', 'engineering', 'implementing']]"
Klotins_163_2023,1755149,"Klotins, Eriks [ekx] [0000-0002-1987-2234] (Blekinge Tekniska Högskola [16500], Fakulteten för datavetenskaper [16801], Institutionen för programvaruteknik [16805]);Gorschek, Tony [tgo] [0000-0002-3646-235x] (Blekinge Tekniska Högskola [16500], Fakulteten för datavetenskaper [16801], Institutionen för programvaruteknik [16805]);Wilson, Magnus (Ericsson AB, Sweden)",2023,Continuous Software Engineering : Introducing an Industry Readiness Model,"<p>Software is becoming essential for most products, manufacturing processes, and back-office functions. The speed of delivering new features and refining the product is critical to remaining competitive. Software organizations may adopt continuous engineering practices to become more efficient. However, retrofitting an organization with a pipeline is challenging. Importantly, the most significant challenges and opportunities, are related to, but stem from outside the engineering realm and require rethinking customer relationships and business models. This paper presents a hierarchy of continuous engineering benefits and challenges. It is aimed to guide the adoption of continuous practices in an organization to determine the current and target level of adoption, given organizational context, ambitions, and domain constraints. IEEE</p>",,"[26, 26, 26, 26]","[1.0, 0.7103724323132706, 1.0, 1.0]","[['continuous engineering', 'continuous integration', 'adopting continuous', 'engineering practices', 'continuous delivery', 'continuous', 'activities continuous', 'integration delivery', 'engineering', 'implementing'], ['continuous engineering', 'continuous integration', 'adopting continuous', 'engineering practices', 'continuous delivery', 'continuous', 'activities continuous', 'integration delivery', 'engineering', 'implementing'], ['continuous engineering', 'continuous integration', 'adopting continuous', 'engineering practices', 'continuous delivery', 'continuous', 'activities continuous', 'integration delivery', 'engineering', 'implementing'], ['continuous engineering', 'continuous integration', 'adopting continuous', 'engineering practices', 'continuous delivery', 'continuous', 'activities continuous', 'integration delivery', 'engineering', 'implementing']]"
Klotins_164_2022,1698304,"Klotins, Eriks [ekx] [0000-0002-1987-2234] (Blekinge Tekniska Högskola [16500], Fakulteten för datavetenskaper [16801], Institutionen för programvaruteknik [16805]);Peretz-Andersson, Einav (Jonkoping University, SWE)",2022,The unified perspective of digital transformation and continuous software engineering,"<p>Software is a key component of most products, services, industrial processes, and back-office functions. Thus, companies may gain an advantage by establishing fast feedback cycles to improve their software. Continuous software engineering (CI/CD) is being primarily studied as an engineering topic. However, the rest of the organization needs to align and be prepared to utilize the benefits of CI/CD. In this paper, we explore the overlap between CI/CD and digital transformation (DT). We study literature in both areas to develop a map of conditions, mechanisms, and outcomes. As a result, we present a unified perspective of CI/CD and DT. We found that CI/CD can be seen as an implementation of DT in a software organization. DT perspective can help to guide the adoption of CI/CD from an organizational perspective.</p>",,"[26, 26]","[1.0, 1.0]","[['continuous engineering', 'continuous integration', 'adopting continuous', 'engineering practices', 'continuous delivery', 'continuous', 'activities continuous', 'integration delivery', 'engineering', 'implementing'], ['continuous engineering', 'continuous integration', 'adopting continuous', 'engineering practices', 'continuous delivery', 'continuous', 'activities continuous', 'integration delivery', 'engineering', 'implementing']]"
Klotins_165_2023,1774955,"Klotins, Eriks [ekx] [0000-0002-1987-2234] (Blekinge Tekniska Högskola [16500], Fakulteten för datavetenskaper [16801], Institutionen för programvaruteknik [16805]);Talbert-Goldstein, Elliot (University of Maryland, United States)",2023,Organizational Conflicts in the Adoption of Continuous Software Engineering,"<p>Software is a critical component of nearly every product or service. Improvements in software can lead to substantial competitive advantages. At the same time, software and surrounding engineering teams have become increasingly complex. The adoption of continuous integration and delivery is a recent trend to radically improve software release speed. However, its adoption is far from straightforward. Specifically, rethinking processes, organizational culture, ways of working, and business models require buy-in from diverse stakeholders that may have conflicting objectives. Such situations are explored by organizational conflict research. This paper reports on early lessons from an ongoing research project in continuous software engineering, specifically investigating adoption challenges from an organizational conflict perspective. We identify catalysts, symptoms, and outcomes of organizational conflicts hindering the adoption process. We conclude that predictable conflicts emerge when adopting continuous engineering. Engineers, managers, and other teams can proactively prepare for and allocate resources to resolve them. Proper analysis and management can help avoid wasted time, impeding processes, and frustration. © 2023, The Author(s).</p>",https://bth.diva-portal.org/smash/get/diva2:1774955/FULLTEXT01.pdf,"[26, 26, 26, 26]","[1.0, 1.0, 0.7343481757722344, 1.0]","[['continuous engineering', 'continuous integration', 'adopting continuous', 'engineering practices', 'continuous delivery', 'continuous', 'activities continuous', 'integration delivery', 'engineering', 'implementing'], ['continuous engineering', 'continuous integration', 'adopting continuous', 'engineering practices', 'continuous delivery', 'continuous', 'activities continuous', 'integration delivery', 'engineering', 'implementing'], ['continuous engineering', 'continuous integration', 'adopting continuous', 'engineering practices', 'continuous delivery', 'continuous', 'activities continuous', 'integration delivery', 'engineering', 'implementing'], ['continuous engineering', 'continuous integration', 'adopting continuous', 'engineering practices', 'continuous delivery', 'continuous', 'activities continuous', 'integration delivery', 'engineering', 'implementing']]"
Papatheocharous_231_2024,1854384,"Papatheocharous, Efi [epa] [0000-0002-5157-8131] (Blekinge Tekniska Högskola [16500], Fakulteten för datavetenskaper [16801], Institutionen för programvaruteknik [16805]);Wohlin, Claes [cwo] [0000-0003-0460-5253] (Blekinge Tekniska Högskola [16500], Fakulteten för datavetenskaper [16801], Institutionen för programvaruteknik [16805]);Badampudi, Deepika [deb] [0000-0002-6215-1774] (Blekinge Tekniska Högskola [16500], Fakulteten för datavetenskaper [16801], Institutionen för programvaruteknik [16805]);Carlson, Jan (Malardalen University);Wnuk, Krzysztof [krw] [0000-0003-3567-9300] (Blekinge Tekniska Högskola [16500], Fakulteten för datavetenskaper [16801], Institutionen för programvaruteknik [16805])",2024,Context factors perceived important when looking for similar experiences in decision-making for software components : An interview study,"<p>During software evolution, decisions related to components' origin or source significantly impact the quality properties of the product and development metrics such as cost, time to market, ease of maintenance, and further evolution. Thus, such decisions should ideally be supported by evidence, i.e., using previous experiences and information from different sources, even own previous experiences. A hindering factor to such reuse of previous experiences is that these decisions are highly context-dependent and it is difficult to identify when previous experiences come from sufficiently similar contexts to be useful in a current setting. Conversely, when documenting a decision (as a decision experience), it is difficult to know which context factors will be most beneficial when reusing the experience in the future. An interview study is performed to identify a list of context factors that are perceived to be most important by practitioners when using experiences to support decision-making for component sourcing, using a specific scenario with alternative sources of experiences. We observed that the further away (from a company or an interviewee) the experience evidence is, as is the case for online experiences, the more context factors are perceived as important by practitioners to make use of the experience. Furthermore, we discuss and identify further research to make this type of decision-making more evidence-based. With this interview study, which focuses on which context factors are perceived as important by practitioners when reusing previous knowledge on software component reuse, we contribute with a listing of factors perceived to be important when reusing experiences from other prior decision-making cases of selecting among software components options. image</p>",https://bth.diva-portal.org/smash/get/diva2:1854384/FULLTEXT01.pdf,"[27, 20]","[0.42467696397419163, 0.2412393072522189]","[['quality attributes', 'metrics quality', 'ci components', 'ci environments', 'ci environment', 'quality properties', 'definitions quality', 'standards quality', 'maintainability', 'value delivery'], ['reuse', 'reusing', 'reusable assets', 'innersource practices', 'reusable', 'practices innersource', 'practices improve', 'cost factors', 'potential improvements', 'ownership reusable']]"
Paudel_232_2025,1923497,"Paudel, Bhuwan [bpu] [0009-0004-5806-6624] (Blekinge Tekniska Högskola [16500], Fakulteten för datavetenskaper [16801], Institutionen för programvaruteknik [16805]);Gonzalez-Huerta, Javier [jgh] [0000-0003-1350-7030] (Blekinge Tekniska Högskola [16500], Fakulteten för datavetenskaper [16801], Institutionen för programvaruteknik [16805]);Mendez, Daniel [dmz] [0000-0003-0619-6027] (Blekinge Tekniska Högskola [16500], Fakulteten för datavetenskaper [16801], Institutionen för programvaruteknik [16805]);Klotins, Eriks [ekx] [0000-0002-1987-2234] (Blekinge Tekniska Högskola [16500], Fakulteten för datavetenskaper [16801], Institutionen för programvaruteknik [16805])",2025,A Data-Driven Approach to Optimize Internal Software Quality and Customer Value Delivery,"<p>The growing complexity, the ever-ending demands for new features, and the need to become faster to remain competitive force software development organizations to rethink their development and value delivery practices. While continuous delivery has become more popular, it still relies mainly on internal metrics, ad-hoc data, and expert opinions. As a result, software organizations stumble to find the balance between improving internal system quality and delivering external value. In fact, understanding and measuring customer value is on itself essential. In this PhD project, we aim for a better understanding of customer value and develop measurement instruments to be integrated with internal perspectives to drive proactive and continuous internal improvement while delivering relevant customer value. </p>",,"[27, 26]","[0.485969686950755, 0.49132970618149097]","[['quality attributes', 'metrics quality', 'ci components', 'ci environments', 'ci environment', 'quality properties', 'definitions quality', 'standards quality', 'maintainability', 'value delivery'], ['continuous engineering', 'continuous integration', 'adopting continuous', 'engineering practices', 'continuous delivery', 'continuous', 'activities continuous', 'integration delivery', 'engineering', 'implementing']]"
Tkalich_305_2025,1946346,"Tkalich, Anastasiia [atk] [0000-0001-7391-4194] (SINTEF, Norway);Klotins, Eriks [ekx] [0000-0002-1987-2234] (Blekinge Tekniska Högskola [16500], Fakulteten för datavetenskaper [16801], Institutionen för programvaruteknik [16805]);Sporsem, Tor (SINTEF, Norway);Stray, Viktoria (SINTEF, Norway);Moe, Nils Brede [nbm] [0000-0003-2669-0778] (Blekinge Tekniska Högskola [16500], Fakulteten för datavetenskaper [16801], Institutionen för programvaruteknik [16805]);Barbala, Astri (SINTEF, Norway)",2025,User feedback in continuous software engineering : revealing the state-of-practice,"<p>Context: Organizations opt for continuous delivery of incremental updates to deal with uncertainty and minimize waste. However, applying continuous engineering (CSE) practices requires a continuous feedback loop with input from customers and end-users.</p><p>Challenges: It becomes increasingly challenging to apply traditional requirements elicitation and validation techniques with ever-shrinking software delivery cycles. At the same time, frequent deliveries generate an abundance of usage data and telemetry informing engineering teams of end-user behavior. The literature describing how practitioners work with user feedback in CSE, is limited.</p><p>Objectives: We aim to explore the state of practice related to utilization of user feedback in CSE. Specifically, what practices are used, how, and the shortcomings of these practices.</p><p>Method: We conduct a qualitative survey and report analysis from 21 interviews in 13 product development companies. We apply thematic and cross-case analysis to interpret the data. Results: Based on our earlier work we suggest a conceptual model of how user feedback is utilized in CSE. We further report the identified challenges with the continuous collection and analysis of user feedback and identify implications for practice.</p><p>Conclusions: Companies use a combination of qualitative and quantitative methods to infer end-user preferences. At the same time, continuous collection, analysis, interpretation, and use of data in decisions are problematic. The challenges pertain to selecting the right metrics and analysis techniques, resource allocation, and difficulties in accessing vaguely defined user groups. Our advice to practitioners in CSE is to ensure sufficient resources and effort for interpretation of the feedback, which can be facilitated by telemetry dashboards. </p>",https://bth.diva-portal.org/smash/get/diva2:1946346/FULLTEXT01.pdf,"[26, 26, 26, 1, 26]","[0.11184230643677899, 1.0, 0.09341030224514656, 1.0, 0.2818061864966742]","[['continuous engineering', 'continuous integration', 'adopting continuous', 'engineering practices', 'continuous delivery', 'continuous', 'activities continuous', 'integration delivery', 'engineering', 'implementing'], ['continuous engineering', 'continuous integration', 'adopting continuous', 'engineering practices', 'continuous delivery', 'continuous', 'activities continuous', 'integration delivery', 'engineering', 'implementing'], ['continuous engineering', 'continuous integration', 'adopting continuous', 'engineering practices', 'continuous delivery', 'continuous', 'activities continuous', 'integration delivery', 'engineering', 'implementing'], ['requirements quality', 'requirements engineering', 'requirements specifications', 'quality requirements', 'requirements artifacts', 'requirements attributes', 'requirement', 'requirements', 'quality factors', 'quality defects'], ['continuous engineering', 'continuous integration', 'adopting continuous', 'engineering practices', 'continuous delivery', 'continuous', 'activities continuous', 'integration delivery', 'engineering', 'implementing']]"
Usman_324_2022,1656647,"Usman, Muhammad [muu] [0000-0002-8132-0107] (Blekinge Tekniska Högskola [16500], Fakulteten för datavetenskaper [16801], Institutionen för programvaruteknik [16805]);Badampudi, Deepika [deb] [0000-0002-6215-1774] (Blekinge Tekniska Högskola [16500], Fakulteten för datavetenskaper [16801], Institutionen för programvaruteknik [16805]);Smith, Chris (Ericsson AB, SWE);Nayak, Himansu (Ericsson AB, SWE)",2022,An Ecosystem for the Large-Scale Reuse of Microservices in a Cloud-Native Context,"<p>This article presents an ecosystem that Ericsson developed to systematically practice large-scale reuse of microservices in a cloud-native context. We discuss how various ecosystem aspects, such as its continuous delivery mechanism, marketplace, and automated checking of design rules, facilitated the development and reuse of microservices across Ericsson. We also share lessons learned while developing the ecosystem including the initiatives related to the adoption of InnerSource practices for sustaining the ecosystem. </p>",https://bth.diva-portal.org/smash/get/diva2:1656647/FULLTEXT01.pdf,"[33, 33, 33, 20]","[1.0, 1.0, 0.9149334579749999, 0.05247013158308999]","[['microservices', 'services', 'micro', 'security scanning', 'security vulnerabilities', 'mitigating security', 'functionality', 'framework', 'security domain', 'security'], ['microservices', 'services', 'micro', 'security scanning', 'security vulnerabilities', 'mitigating security', 'functionality', 'framework', 'security domain', 'security'], ['microservices', 'services', 'micro', 'security scanning', 'security vulnerabilities', 'mitigating security', 'functionality', 'framework', 'security domain', 'security'], ['reuse', 'reusing', 'reusable assets', 'innersource practices', 'reusable', 'practices innersource', 'practices improve', 'cost factors', 'potential improvements', 'ownership reusable']]"
Wnuk_343_2025,1951860,"Wnuk, Krzysztof [krw] [0000-0003-3567-9300] (Blekinge Tekniska Högskola [16500], Fakulteten för datavetenskaper [16801], Institutionen för programvaruteknik [16805]);Harrer, Theresia (Hanken School of Economics, Finland);Tomaszewski, Piotr (RISE Research Institutes of Sweden, Lund, Sweden);Zabardast, Ehsan [ehz] [0000-0002-1729-5154] (Blekinge Tekniska Högskola [16500], Fakulteten för datavetenskaper [16801], Institutionen för programvaruteknik [16805])",2025,Exploring the Factors that Impact the Half-Life of Software,"<p>This vision paper explores the factors that impact the aging and depreciation of software. Based on the exploration of related work in software aging, software anti-aging, the financial aspect of technical debt and accounting of intangible assets, we postulate that a more holistic approach towards obsolescence should be taken as most research focuses solely on the technical aspects of software aging, leaving the business and accounting aspects greatly unexplored. </p>",,"[29, 29, 29]","[1.0, 1.0, 1.0]","[['assets', 'asset', 'products services', 'concepts', 'different stakeholders', 'technical aspects', 'management', 'metadata', 'related concepts', 'accounting'], ['assets', 'asset', 'products services', 'concepts', 'different stakeholders', 'technical aspects', 'management', 'metadata', 'related concepts', 'accounting'], ['assets', 'asset', 'products services', 'concepts', 'different stakeholders', 'technical aspects', 'management', 'metadata', 'related concepts', 'accounting']]"
Wohlin_349_2021,1540119,"Wohlin, Claes [cwo] [0000-0003-0460-5253] (Blekinge Tekniska Högskola [16500], Fakulteten för datavetenskaper [16801], Institutionen för programvaruteknik [16805]);Papatheocharous, Efi (RISE Research Institutes of Sweden AB, SWE);Carlson, Jan (Mälardalen University, SWE);Petersen, Kai [kps] [0000-0002-1532-8223] (Blekinge Tekniska Högskola [16500], Fakulteten för datavetenskaper [16801], Institutionen för programvaruteknik [16805]);Alégroth, Emil [EAL] [0000-0001-7526-3727] (Blekinge Tekniska Högskola [16500], Fakulteten för datavetenskaper [16801], Institutionen för programvaruteknik [16805]);Axelsson, Jakob (Mälardalen University, SWE);Badampudi, Deepika [deb] [0000-0002-6215-1774] (Blekinge Tekniska Högskola [16500], Fakulteten för datavetenskaper [16801], Institutionen för programvaruteknik [16805]);Borg, Markus (RISE Research Institutes of Sweden AB, SWE);Cicchetti, Antonio (Mälardalen University, SWE);Ciccozzi, Federico (Mälardalen University, SWE);Olsson, Thomas (RISE Research Institutes of Sweden AB);Sentilles, Séverine (Mälardalen University, SWE);Svahnberg, Mikael [msv] (Blekinge Tekniska Högskola [16500], Fakulteten för datavetenskaper [16801], Institutionen för programvaruteknik [16805]);Wnuk, Krzysztof [krw] [0000-0003-3567-9300] (Blekinge Tekniska Högskola [16500], Fakulteten för datavetenskaper [16801], Institutionen för programvaruteknik [16805]);Gorschek, Tony [tgo] [0000-0002-3646-235x] (Blekinge Tekniska Högskola [16500], Fakulteten för datavetenskaper [16801], Institutionen för programvaruteknik [16805])",2021,Towards evidence-based decision-making for identification and usage of assets in composite software : A research roadmap,"<p>Software engineering is decision intensive. Evidence-based software engineering is suggested for decision-making concerning the use of methods and technologies when developing software. Software development often includes the reuse of software assets, for example, open-source components. Which components to use have implications on the quality of the software (e.g., maintainability). Thus, research is needed to support decision-making for composite software. This paper presents a roadmap for research required to support evidence-based decision-making for choosing and integrating assets in composite software systems. The roadmap is developed as an output from a 5-year project in the area, including researchers from three different organizations. The roadmap is developed in an iterative process and is based on (1) systematic literature reviews of the area; (2) investigations of the state of practice, including a case survey and a survey; and (3) development and evaluation of solutions for asset identification and selection. The research activities resulted in identifying 11 areas in need of research. The areas are grouped into two categories: areas enabling evidence-based decision-making and those related to supporting the decision-making. The roadmap outlines research needs in these 11 areas. The research challenges and research directions presented in this roadmap are key areas for further research to support evidence-based decision-making for composite software. © 2021 The Authors. Journal of Software: Evolution and Process published by John Wiley &amp; Sons Ltd.</p>",https://bth.diva-portal.org/smash/get/diva2:1540119/FULLTEXT01.pdf,"[20, 27]","[0.48898772100214427, 1.0]","[['reuse', 'reusing', 'reusable assets', 'innersource practices', 'reusable', 'practices innersource', 'practices improve', 'cost factors', 'potential improvements', 'ownership reusable'], ['quality attributes', 'metrics quality', 'ci components', 'ci environments', 'ci environment', 'quality properties', 'definitions quality', 'standards quality', 'maintainability', 'value delivery']]"
Yu_357_2020,1367037,"Yu, Liang [lyu] [0000-0001-5949-1375] (Blekinge Tekniska Högskola [16500], Fakulteten för datavetenskaper [16801], Institutionen för programvaruteknik [16805]) (Qvantel Sweden AB);Alégroth, Emil [EAL] (Blekinge Tekniska Högskola [16500], Fakulteten för datavetenskaper [16801], Institutionen för programvaruteknik [16805]);Chatzipetrou, Panagiota [pac] [0000-0002-0311-1502] (Örebro universitet, SWE);Gorschek, Tony [tgo] (Blekinge Tekniska Högskola [16500], Fakulteten för datavetenskaper [16801], Institutionen för programvaruteknik [16805])",2020,Utilising CI environment for efficient and effective testing of NFRs,"<p>Context: Continuous integration (CI) is a practice that aims to continuously verify quality aspects of a software intensive system both for functional and non-functional requirements (NFRs). Functional requirements are the inputs of development and can be tested in isolation, utilising either manual or automated tests. In contrast, some NFRs are difficult to test without functionality, for NFRs are often aspects of functionality and express quality aspects. Lacking this testability attribute makes NFR testing complicated and, therefore, underrepresented in industrial practice. However, the emergence of CI has radically affected software development and created new avenues for software quality evaluation and quality information acquisition. Research has, consequently, been devoted to the utilisation of this additional information for more efficient and effective NFR verification. Objective: We aim to identify the state-of-the-art of utilising the CI environment for NFR testing, hereinafter referred to as CI-NFR testing. Method: Through rigorous selection, from an initial set of 747 papers, we identified 47 papers that describe how NFRs are tested in a CI environment. Evidence-based analysis, through coding, is performed on the identified papers in this SLR. Results: Firstly, ten CI approaches are described by the papers selected, each describing different tools and nine different NFRs where reported to be tested. Secondly, although possible, CI-NFR testing is associated with eight challenges that adversely affect its adoption. Thirdly, the identified CI-NFR testing processes are tool-driven, but there is a lack of NFR testing tools that can be used in the CI environment. Finally, we proposed a CI framework for NFRs testing. Conclusion: A synthesised CI framework is proposed for testing various NFRs, and associated CI tools are also mapped. This contribution is valuable as results of the study also show that CI-NFR testing can help improve the quality of NFR testing in practices. © 2019</p>",,"[26, 27]","[0.13177099879571758, 1.0]","[['continuous engineering', 'continuous integration', 'adopting continuous', 'engineering practices', 'continuous delivery', 'continuous', 'activities continuous', 'integration delivery', 'engineering', 'implementing'], ['quality attributes', 'metrics quality', 'ci components', 'ci environments', 'ci environment', 'quality properties', 'definitions quality', 'standards quality', 'maintainability', 'value delivery']]"
Zabardast_361_2022,1694904,"Zabardast, Ehsan [ehz] [0000-0002-1729-5154] (Blekinge Tekniska Högskola [16500], Fakulteten för datavetenskaper [16801], Institutionen för programvaruteknik [16805]);Frattini, Julian [juf] [0000-0003-3995-6125] (Blekinge Tekniska Högskola [16500], Fakulteten för datavetenskaper [16801], Institutionen för programvaruteknik [16805]);Gonzalez-Huerta, Javier [jgh] [0000-0003-1350-7030] (Blekinge Tekniska Högskola [16500], Fakulteten för datavetenskaper [16801], Institutionen för programvaruteknik [16805]);Mendez, Daniel [dmz] [0000-0003-0619-6027] (Blekinge Tekniska Högskola [16500], Fakulteten för datavetenskaper [16801], Institutionen för programvaruteknik [16805]);Gorschek, Tony [tgo] [0000-0002-3646-235x] (Blekinge Tekniska Högskola [16500], Fakulteten för datavetenskaper [16801], Institutionen för programvaruteknik [16805]);Wnuk, Krzysztof [krw] [0000-0003-3567-9300] (Blekinge Tekniska Högskola [16500], Fakulteten för datavetenskaper [16801], Institutionen för programvaruteknik [16805])",2022,Assets in Software Engineering : What are they after all?,"<p>During the development and maintenance of software-intensive products or services, we depend on various artefacts. Some of those artefacts, we deem central to the feasibility of a project and the product's final quality. Typically, these central artefacts are referred to as assets. However, despite their central role in the software development process, little thought is yet invested into what eventually characterises as an asset, often resulting in many terms and underlying concepts being mixed and used inconsistently. A precise terminology of assets and related concepts, such as asset degradation, are crucial for setting up a new generation of cost-effective software engineering practices. In this position paper, we critically reflect upon the notion of assets in software engineering. As a starting point, we define the terminology and concepts of assets and extend the reasoning behind them. We explore assets’ characteristics and discuss what asset degradation is as well as its various types and the implications that asset degradation might bring for the planning, realisation, and evolution of software-intensive products and services over time. We aspire to contribute to a more standardised definition of assets in software engineering and foster research endeavours and their practical dissemination in a common, more unified direction. © 2022 The Authors</p>",https://bth.diva-portal.org/smash/get/diva2:1694904/FULLTEXT01.pdf,"[29, 29, 29, 29, 29, 29, 29, 29, 29]","[1.0, 0.14336794816424928, 1.0, 1.0, 1.0, 1.0, 1.0, 1.0, 1.0]","[['assets', 'asset', 'products services', 'concepts', 'different stakeholders', 'technical aspects', 'management', 'metadata', 'related concepts', 'accounting'], ['assets', 'asset', 'products services', 'concepts', 'different stakeholders', 'technical aspects', 'management', 'metadata', 'related concepts', 'accounting'], ['assets', 'asset', 'products services', 'concepts', 'different stakeholders', 'technical aspects', 'management', 'metadata', 'related concepts', 'accounting'], ['assets', 'asset', 'products services', 'concepts', 'different stakeholders', 'technical aspects', 'management', 'metadata', 'related concepts', 'accounting'], ['assets', 'asset', 'products services', 'concepts', 'different stakeholders', 'technical aspects', 'management', 'metadata', 'related concepts', 'accounting'], ['assets', 'asset', 'products services', 'concepts', 'different stakeholders', 'technical aspects', 'management', 'metadata', 'related concepts', 'accounting'], ['assets', 'asset', 'products services', 'concepts', 'different stakeholders', 'technical aspects', 'management', 'metadata', 'related concepts', 'accounting'], ['assets', 'asset', 'products services', 'concepts', 'different stakeholders', 'technical aspects', 'management', 'metadata', 'related concepts', 'accounting'], ['assets', 'asset', 'products services', 'concepts', 'different stakeholders', 'technical aspects', 'management', 'metadata', 'related concepts', 'accounting']]"
Zabardast_362_2023,1749684,"Zabardast, Ehsan [ehz] [0000-0002-1729-5154] (Blekinge Tekniska Högskola [16500], Fakulteten för datavetenskaper [16801], Institutionen för programvaruteknik [16805]);Gonzalez-Huerta, Javier [jgh] [0000-0003-1350-7030] (Blekinge Tekniska Högskola [16500], Fakulteten för datavetenskaper [16801], Institutionen för programvaruteknik [16805]);Gorschek, Tony [tgo] [0000-0002-3646-235x] (Blekinge Tekniska Högskola [16500], Fakulteten för datavetenskaper [16801], Institutionen för programvaruteknik [16805]);Šmite, Darja [xds] [0000-0003-1744-3118] (Blekinge Tekniska Högskola [16500], Fakulteten för datavetenskaper [16801], Institutionen för programvaruteknik [16805]);Alégroth, Emil [EAL] [0000-0001-7526-3727] (Blekinge Tekniska Högskola [16500], Fakulteten för datavetenskaper [16801], Institutionen för programvaruteknik [16805]);Fagerholm, Fabian [faf] [0000-0002-7298-3021] (Blekinge Tekniska Högskola [16500], Fakulteten för datavetenskaper [16801], Institutionen för programvaruteknik [16805])",2023,A taxonomy of assets for the development of software-intensive products and services,"<p>Context:Developing software-intensive products or services usually involves a plethora of software artefacts. Assets are artefacts intended to be used more than once and have value for organisations; examples include test cases, code, requirements, and documentation. During the development process, assets might degrade, affecting the effectiveness and efficiency of the development process. Therefore, assets are an investment that requires continuous management.</p><p>Identifying assets is the first step for their effective management. However, there is a lack of awareness of what assets and types of assets are common in software-developing organisations. Most types of assets are understudied, and their state of quality and how they degrade over time have not been well-understood.</p><p>Methods:We performed an analysis of secondary literature and a field study at five companies to investigate and identify assets to fill the gap in research. The results were analysed qualitatively and summarised in a taxonomy.</p><p>Results:We present the first comprehensive, structured, yet extendable taxonomy of assets, containing 57 types of assets.</p><p>Conclusions:The taxonomy serves as a foundation for identifying assets that are relevant for an organisation and enables the study of asset management and asset degradation concepts.</p>",https://bth.diva-portal.org/smash/get/diva2:1749684/FULLTEXT01.pdf,"[29, 29, 29, 29, 29, 29, 29, 29, 29, 29]","[1.0, 0.1515260810997918, 1.0, 1.0, 1.0, 1.0, 0.18016578495294927, 1.0, 1.0, 1.0]","[['assets', 'asset', 'products services', 'concepts', 'different stakeholders', 'technical aspects', 'management', 'metadata', 'related concepts', 'accounting'], ['assets', 'asset', 'products services', 'concepts', 'different stakeholders', 'technical aspects', 'management', 'metadata', 'related concepts', 'accounting'], ['assets', 'asset', 'products services', 'concepts', 'different stakeholders', 'technical aspects', 'management', 'metadata', 'related concepts', 'accounting'], ['assets', 'asset', 'products services', 'concepts', 'different stakeholders', 'technical aspects', 'management', 'metadata', 'related concepts', 'accounting'], ['assets', 'asset', 'products services', 'concepts', 'different stakeholders', 'technical aspects', 'management', 'metadata', 'related concepts', 'accounting'], ['assets', 'asset', 'products services', 'concepts', 'different stakeholders', 'technical aspects', 'management', 'metadata', 'related concepts', 'accounting'], ['assets', 'asset', 'products services', 'concepts', 'different stakeholders', 'technical aspects', 'management', 'metadata', 'related concepts', 'accounting'], ['assets', 'asset', 'products services', 'concepts', 'different stakeholders', 'technical aspects', 'management', 'metadata', 'related concepts', 'accounting'], ['assets', 'asset', 'products services', 'concepts', 'different stakeholders', 'technical aspects', 'management', 'metadata', 'related concepts', 'accounting'], ['assets', 'asset', 'products services', 'concepts', 'different stakeholders', 'technical aspects', 'management', 'metadata', 'related concepts', 'accounting']]"
Šmite_379_2023,1705188,"Šmite, Darja [xds] [0000-0003-1744-3118] (Blekinge Tekniska Högskola [16500], Fakulteten för datavetenskaper [16801], Institutionen för programvaruteknik [16805]);Moe, Nils Brede [nbm] [0000-0003-2669-0778] (Blekinge Tekniska Högskola [16500], Fakulteten för datavetenskaper [16801], Institutionen för programvaruteknik [16805]);Klotins, Eriks [ekx] [0000-0002-1987-2234] (Blekinge Tekniska Högskola [16500], Fakulteten för datavetenskaper [16801], Institutionen för programvaruteknik [16805]);Gonzalez-Huerta, Javier [jgh] [0000-0003-1350-7030] (Blekinge Tekniska Högskola [16500], Fakulteten för datavetenskaper [16801], Institutionen för programvaruteknik [16805])",2023,From forced Working-From-Home to voluntary working-from-anywhere : Two revolutions in telework,"<p>The COVID-19 outbreak has admittedly caused interruptions to production, transportation, and mobility, therefore, having a significant impact on the global supply and demand chain's well-functioning. But what happened to companies developing digital services, such as software? How has the enforced Working-From-Home (WFH) mode impacted their ability to deliver software, if at all? This article shares our findings from monitoring the WFH during 2020 in an international software company with engineers located in Sweden, the USA, and the UK. We analyzed different aspects of productivity, such as developer job satisfaction and well-being, activity, communication and collaboration, efficiency and flow based on the archives of commit data, calendar invites, Slack communication, the internal reports of WFH experiences, and 30 interviews carried out in April/May and September 2020. We add more objective evidence to the existing COVID-19 studies the vast majority of which are based on self-reported productivity from the early months of the pandemic. We find that engineers continue committing code and carrying out their daily duties, as their routines adjust to “the new norm”. Our key message is that software engineers can work from home and quickly adjust their tactical approaches to the changes of unprecedented scale. Further, WFH has its benefits, including better work-life balance, improved flow, and improved quality of distributed meetings and events. Yet, WFH is not challenge free: not everybody feels equally productive working from home, work hours for many increased, while physical activity, socialization, pairing and opportunities to connect to unfamiliar colleagues decreased. Information sharing and meeting patterns also changed. Finally, experiences gained during the pandemic will have a lasting impact on the future of the workplace. The results of an internal company-wide survey suggest that only 9% of engineers will return to work in the office full time. Our article concludes with the InterSoft's strategy for work from anywhere (WFX), and a list of useful adjustments for a better WFH. © 2022 The Author(s)</p>",https://bth.diva-portal.org/smash/get/diva2:1705188/FULLTEXT01.pdf,"[2, 2, 2, 2, 2, 2, 26, 2, 2, 2, 2, 2, 2]","[0.31031399468449267, 1.0, 1.0, 1.0, 0.34899743116006654, 1.0, 1.0, 0.4006542411712857, 0.0818234985122496, 1.0, 0.2276105579045734, 0.3697163926482419, 0.44747028107560843]","[['working home', 'work home', 'work life', 'work arrangements', 'forced working', 'perceived productivity', 'employees', 'work', 'office', 'managers'], ['working home', 'work home', 'work life', 'work arrangements', 'forced working', 'perceived productivity', 'employees', 'work', 'office', 'managers'], ['working home', 'work home', 'work life', 'work arrangements', 'forced working', 'perceived productivity', 'employees', 'work', 'office', 'managers'], ['working home', 'work home', 'work life', 'work arrangements', 'forced working', 'perceived productivity', 'employees', 'work', 'office', 'managers'], ['working home', 'work home', 'work life', 'work arrangements', 'forced working', 'perceived productivity', 'employees', 'work', 'office', 'managers'], ['working home', 'work home', 'work life', 'work arrangements', 'forced working', 'perceived productivity', 'employees', 'work', 'office', 'managers'], ['continuous engineering', 'continuous integration', 'adopting continuous', 'engineering practices', 'continuous delivery', 'continuous', 'activities continuous', 'integration delivery', 'engineering', 'implementing'], ['working home', 'work home', 'work life', 'work arrangements', 'forced working', 'perceived productivity', 'employees', 'work', 'office', 'managers'], ['working home', 'work home', 'work life', 'work arrangements', 'forced working', 'perceived productivity', 'employees', 'work', 'office', 'managers'], ['working home', 'work home', 'work life', 'work arrangements', 'forced working', 'perceived productivity', 'employees', 'work', 'office', 'managers'], ['working home', 'work home', 'work life', 'work arrangements', 'forced working', 'perceived productivity', 'employees', 'work', 'office', 'managers'], ['working home', 'work home', 'work life', 'work arrangements', 'forced working', 'perceived productivity', 'employees', 'work', 'office', 'managers'], ['working home', 'work home', 'work life', 'work arrangements', 'forced working', 'perceived productivity', 'employees', 'work', 'office', 'managers']]"
